Name_English,Name_Wylie_Tibetan,Name_Tibetan,Name_Chinese,Dates,Position_Date,Img_Subtext,Description_English,Description_Tibetan,Description_Chinese,Transmission_Mode,Lineage,Received_Teachings_From,Incarnation_Of,Family_Relationship,Emanated as,Links_Names,Links_URLs,Notes
Samantabhadra / Samantabhadrī,Kun tu bzang po/Kun tu bzang mo,ཀུན་ཏུ་བཟང་པོ་དང་ཀུན་ཏུ་བཟང་མོ།,,Beyond time,0,,"Samantabhadra, or the Primordial Buddha in the Great Perfection tradition, existing prior to concepts of space, time, self or other. In the mind-to-mind transmission by victorious ones, the primary teacher is the union of Samantabhadra and Samantabhadrī. Radiates in the state of the natural Great Perfection without straying from the ground of awareness. Samantabhadrī is the feminine form of the primordial Buddha in the Great Perfection tradition, existing prior to concepts of space, time, self or other. Together with Samantabhadra forms the primary teacher in mind-to-mind transmission by victorious ones.",ས་མན་ཏ་བྷ་ཌ་ར་ཡང་ན་ ཆ་ཚང་ཆེན་པོའི་ལུགས་སྲོལ་ནང་དུ་ཐོག་མའི་སངས་རྒྱས་དེ་ བར་སྣང་དང་། དུས་ཚོད། རང་ཉིད་ཡང་ན་གཞན་གྱི་བསམ་གཞིག་མ་བྱུང་བའི་སྔོན་ལ་ཡོད། རྒྱལ་ཁ་ཐོབ་མཁན་གྱིས་སེམས་ནས་སེམས་ལ་སྤེལ་བའི་སྐབས་སུ་སློབ་དཔོན་གཙོ་བོ་ནི་ས་མན་ཏ་བྷ་དྲ་དང་ས་མན་ཏ་བྷ་དྲི་གཉིས་ཀྱི་མཐུན་སྒྲིལ་ཡིན། རང་བྱུང་གི་ཕ་རོལ་ཏུ་ཕྱིན་པ་ཆེན་པོའི་གནས་སྐབས་སུ་འདུ་ཤེས་ཀྱི་གཞི་ནས་མ་གཡེང་བར་འོད་འཕྲོ་བར་བྱེད། སཱ་མཱན་ཏ་བྷ་ཌི་རི་ནི་ ཆ་ཚང་ཆེན་པོའི་ལུགས་སྲོལ་ནང་སངས་རྒྱས་ཀྱི་བུད་མེད་ཀྱི་རྣམ་པ་དེ་ཡིན། མཉམ་དུ་ས་མན་ཏ་བྷ་ཌ་ར་ཡིས་རྒྱལ་ཁ་ཐོབ་མཁན་གྱིས་སེམས་ནས་སེམས་ལ་སྤེལ་བའི་སློབ་དཔོན་གཙོ་བོ་ཆགས་ཡོད།,,Mind to Mind,All lineages,,,,,,,
Buddhas of the Five Families,rgyal ba rigs lnga,རྒྱལ་བ་རིགས་ལྔ།,,N/A,75,,"From the appearing aspect of the ground of awareness's luminous nature, the Buddhas of the five families surrounded by their maṇḍalas spontaneously arise. This marks the beginning of the saṃbhogakāya transmission of the mind-to-mind transmission by victorious ones.",རྣམ་པར་ཤེས་པའི་ས་འོད་གསལ་བའི་རང་བཞིན་གྱི་སྣང་བའི་ཕྱོགས་ནས་རང་གི་མཎྜལ་གྱིས་བསྐོར་བའི་རིགས་ལྔའི་སངས་རྒྱས་རྣམས་རང་བཞིན་གྱིས་འབྱུང་ངོ་། འདི་ནི་རྒྱལ་བ་རྣམས་ཀྱིས་སེམས་ནས་སེམས་ལ་བརྒྱུད་པའི་སཾ་བྷོ་ག་ཀཱ་ཡ་བརྒྱུད་པའི་འགོ་ཚུགས་པ་མཚོན་གྱི་ཡོད།,,Mind to Mind,All lineages,Samantabhadra / Samantabhadrī,,,,,,
Supreme Emanation Blessing,byin brlabs mchog gi sprul pa,བྱིན་བརླབས་མཆོག་གི་སྤྲུལ་པ།,,N/A,150,,"A supreme emanation that manifests from the Buddhas of the Five Families, representing the blessing aspect of primordial wisdom transmission.",རིགས་ལྔའི་སངས་རྒྱས་རྣམས་ལས་མངོན་པའི་ཆེས་མཐོའི་འོད་ཟེར་ཞིག གདོད་མའི་ཤེས་རབ་བརྒྱུད་སྤྲོད་ཀྱི་བྱིན་རླབས་མཚོན་པ།,,Mind to Mind,All lineages,Buddhas of the Five Families,,,,,,
Statue,sku gzugs,སྐུ་གཟུགས།,,N/A,225,,,,,Mind to Mind,All lineages,Supreme Emanation Blessing,,,,,,
Only Child of the Buddha,sangs rgyas sras gcig,སངས་རྒྱས་སྲས་གཅིག།,,N/A,225,,,,,Mind to Mind,All lineages,Supreme Emanation Blessing,,,,,,
Vajra,rdo rje,རྡོ་རྗེ།,,N/A,225,,,,,Mind to Mind,All lineages,Supreme Emanation Blessing,,,,,,
Sublime Wisdom Emanation (Vajradhara),ye shes dam pa'i sprul pa; rDo rje 'chang,ཡེ་ཤེས་དམ་པའི་སྤྲུལ་པ། ་རྡོ་རྗེ་འཆང།,,,150,,"Self-arising nirmāṇakāya emanation that spontaneously appears atop a lotus as the perfect saṃbhogakāya during the first eon called 'eon of abundant delight.' Through his own realization, teaches the natural, ineffable Great Perfection to Vajrasattva and Vajrapāṇi.",,,Mind to Mind,All lineages,Buddhas of the Five Families,,,Buddha 1: Cheu Nangwa Dampa Samkyi Mikhyapa,,,
Vajrasattva,rdo rje sems dpa',རྡོ་རྗེ་སེམས་དཔའ།,,,300,,"A saṃbhogakāya Buddha who receives the Dzogchen teachings from Sublime Wisdom Emanation (Vajradhara) through mind-to-mind transmission. In the Padmasambhava transmission, receives the Eighteen Tantras from Sublime Wisdom Emanation (Vajradhara), while in the Heart Essence of Vimalamitra lineage, receives only the Seventeen Tantras.",,,Mind to Mind,All lineages,Sublime Wisdom Emanation (Vajradhara),,,,,,
Vajrapāṇi,phyag na rdo rje,ཕྱག་ན་རྡོ་རྗེ།,,,300,,"A saṃbhogakāya Buddha, sometimes known as the wrathful form of Vajrasattva. Receives the Dzogchen teachings from Sublime Wisdom Emanation (Vajradhara) through mind-to-mind transmission. Like Vajrasattva, receives varying numbers of tantras depending on the transmission lineage.",,,Mind to Mind,All lineages,Sublime Wisdom Emanation (Vajradhara),,,,,,
Buddha 1: Cheu Nangwa Dampa Samkyi Mikhyapa,khye'u snang ba dam pa bsam gyis mi khyab pa,ཁྱེའུ་སྣང་བ་དམ་པ་བསམ་གྱིས་མི་ཁྱབ་པ།,,,325,,"First of twelve Dzogchen teachers, who is a nirmāṇakāya emanation of Sublime Wisdom Emanation (Vajradhara). Located at Ganden Tsekpa. Part of the final section of the mind-to-mind transmission.",,,Mind to Mind,All lineages,Sublime Wisdom Emanation (Vajradhara),,,,,,
Buddha 2: Cheu Ö Mitrukpa,khye’u ’od mi ’khrugs pa,ཁྱེའུ་འོད་མི་འཁྲུགས་པ།,,,350,,,,,Aural,All lineages,Buddha 1: Cheu Nangwa Dampa Samkyi Mikhyapa,,,,,,
Buddha 3: Jampal Jigpa Kyopa,’jigs pa skyob pa’i yid,འཇིགས་པ་སྐྱོབ་པའི་ཡིད།,,,375,,,,,Aural,All lineages,Buddha 2: Cheu Ö Mitrukpa,,,,,,
Buddha 4: Zhönnu Rolpa,gzhon nu rol pa,གཞོན་ནུ་རོལ་པ།,,,400,,,,,Aural,All lineages,Buddha 3: Jampal Jigpa Kyopa,,,,,,
Buddha 5: Vajradhara,rdo rje ’chang,རྡོ་རྗེ་འཆང།,,,425,,,,,Aural,All lineages,Buddha 4: Zhönnu Rolpa,,,,,,
Buddha 6: Zhönnu Pawo Tobden Chenpo,gzhon nu dpa’ bo stobs ldan chen po,གཞོན་ནུ་དཔའ་བོ་སྟོབས་ལྡན་ཆེན་པོ།,,,450,,,,,Aural,All lineages,Buddha 5: Vajradhara,,,,,,
Buddha 7: Drangsong Topai Gyalpo,drang srong khros pa’i rgyal po,དྲང་སྲོངས་ཁྲོས་པའི་རྒྱལ་པོ།,,,475,,,,,Aural,All lineages,Buddha 6: Zhönnu Pawo Tobden Chenpo,,,,,,
Buddha 8: Ser-Ö Dampa,gser ’od dam pa,གསེར་འོད་དམ་པ།,,,500,,,,,Aural,All lineages,Buddha 7: Drangsong Topai Gyalpo,,,,,,
Buddha 9: Tsewai Rolpai Lodrö,brtse bas rol pa’i blo gros,བརྩེ་བས་རོལ་པའི་བློ་གྲོས།,,,525,,,,,Aural,All lineages,Buddha 8: Ser-Ö Dampa,,,,,,
Buddha 10: Kashyapa the Elder,’od srung bgres po,འོད་སྲུང་བགྲེས་པོ།,,,550,,,,,Aural,All lineages,Buddha 9: Tsewai Rolpai Lodrö,,,,,,
Buddha 11: Ngondzok Gyalpo,mngon rdzogs rgyal po,མངོན་རྫོགས་རྒྱལ་པོ།,,,575,,,,,Aural,All lineages,Buddha 10: Kashyapa the Elder,,,,,,
Buddha 12: Śākyamuni Buddha,shAkya thub pa,ཤཱཀྱ་ཐུབ་པ།,,6th or 5th century BCE,600,,"The historical Buddha who lived as a wandering ascetic in South Asia 2500 years ago and attained enlightenment under the bodhi tree. His given name was Siddhartha and his clan name was Gautama. In Dzogchen history, received teachings from Cheu Nangwa Dampa Samkyi Mikhyapa.",,,Aural,All lineages,Buddha 11: Ngondzok Gyalpo,,,,,,
Garab Dorjé,dga' rab rdo rje,དགའ་རབ་རྡོ་རྗེ།,,Date unknown,600,,"Considered an emanation of Vajrapāṇi, born in the region of Dhanakosha in Oḍḍiyana. The 6,400,000 verses of Dzogchen tantras and the three series were primordially present in his mind. Vajrapāṇi appeared to him and granted permission to commit the tantras to writing.",,,Symbolic,All lineages,Vajrapāṇi,,,,Rigpa Wiki,https://www.rigpawiki.org/index.php?title=Garab_Dorje,
Mañjuśrimitra,jam dpal bshes gnyen,འཇམ་དཔལ་བཤེས་གཉེན།,,7th to 8th centuries,650,,"Born in a brahmin family west of Bodh Gaya. Met Garab Dorjé at the charnel ground of Shitavana and remained there for 75 years mastering all teachings. Responsible for dividing the Dzogchen tantras into three categories: Mind, Space, and Pith Instruction Series.",,,Symbolic,Vimalamitra; Vairocana,Garab Dorjé,,,,,,
Śrī Siṃha,"dpal gyi seng ge, shrī singha",ཤྲཱི་སིངཧ།,,7th to 8th centuries,700,,"Born in Chinese city Shocham Nakpo. Met Mañjushrimitra at Sosadvipa charnel ground. Divided the most sublime secret texts into four cycles: outer, inner, secret, and most secret unsurpassable. Achieved the luminous body and taught dharma to mamos and ḍākinīs.",,,Symbolic,All lineages,Mañjuśrimitra; Garab Dorjé,,,,,,
Ḍākinīs,mkha' 'gro ma,མཁའ་འགྲོ་མ།,,N/A,700,,"Literally 'sky-goers' from Sanskrit root ḍī meaning to fly. Non-human feminine entities that are protectors and keepers of the Dzogchen teachings, especially important in the Padmasambhava.",,,Symbolic,Padmasambhava,Garab Dorjé,,,,,,
Jñānasūtra,ye shes mdo,ཡེ་ཤེས་མདོ།,,8th century,750,,"Born in city of Kamaru in eastern India, contemporary with Vimalamitra. Received the most unsurpassable secret cycle from Śrī Siṃha. Retrieved texts concealed by Śrī Siṃha and went to live in the charnel ground called Bhasing in India.",,,Symbolic,Vimalamitra,Śrī Siṃha,,,,,,
Vimalamitra,bi ma la mi tra,བི་མ་ལ་མི་ཏྲ།,,8th century,750,,"Born in city of Langpo Gang in Western India, contemporary with Jñānasūtra. Received complete outer, inner, and secret cycles from Śrī Simha, and later the most unsurpassable secret cycle from Jñānasūtra. Taught five people including King Trisong Detsen and proceeded to Wu Tai Shan in China.",,,Symbolic,Vimalamitra,Śrī Siṃha; Jñānasūtra,,,,Treasury of Lives,https://treasuryoflives.org/biographies/view/Vimalamitra/9985,
Vairocana,bai ro tsa na,བཻ་རོ་ཙ་ན།,,8th century,750,,"Born in region of Nyemo Jekar. Following King Trisong Detsen's orders, underwent 507 hardships to reach India and meet Śrī Siṃha. Received empowerments and pith instructions of sixty classes of tantra. Met Garab Dorje and received 6,400,000 verses of Dzogchen tantras.",,,Symbolic,Vairocana,Śrī Siṃha; Garab Dorjé,,,,,,
Pang Sang-gyé Gönpo,spang sang rgyas mgon po,སྤང་སང་རྒྱས་མགོན་པོ།,,8th-9th centuries,775,,"Also known as Pang Mipam Gönpo. Only encountered dharma when very elderly, over age 85. Practiced according to oral transmissions of Vairocana, attaining siddhis and living to over 100 years old.",,,Aural,Vairocana,Vairocana,,,,,,
Ngenlam Jangchub Gyaltsen,ngen lam byang chub rgyal mtshan,ངེན་ལམ་བྱང་ཆུབ་རྒྱལ་མཚན།,,9th-10th centuries,800,,Also known as Ralsumpa of Ngenlam in Uru region. Received instructions from Pang Mipam Gönpo and meditated on cliff known as Wa Senggé Drak. Reached 172 years and passed away without leaving physical remains.,,,Aural,Vairocana,Pang Sang-gyé Gönpo,,,,,,
Zadam Rinchenyik,za dam rin chen dbyig,ཟ་དམ་རིན་ཆེན་དབྱིག།,,9th-10th centuries,850,,"Student of Ngenlam from eastern Tibet. After receiving instructions, stayed at same cliff as his guru. Reached age 144 and passed away without leaving physical remains.",,,Aural,Vairocana,Ngenlam Jangchub Gyaltsen,,,,,,
Khugyur Salwaichok,,,,9th-10th centuries,875,,"From Chongye in Yarlung valley. Received instructions from Zadam Rinchenyik and meditated at Wa Sengge Drak until age 117, passing away without physical remains. Transmitted teachings to multiple disciples including Yudra Nyingpo.",,,Aural,Vairocana,Zadam Rinchenyik,,,,,,
Nyang Jangchub Drak and others,,,,10th century (approx),950,,Students of Khugyur Salwaichok in the Vairocana lineage.,,,Aural,Vairocana,Khugyur Salwaichok,,,,,,
Yudra Nyingpo,g.yu sgra snying po,གཡུ་སྒྲ་སྙིང་པོ།,,10th century,950,,One of twenty-five disciples of Padmasambhava and main disciple of Vairocana. Received Heart Essence teachings from Vairocana.,,,Aural,Vairocana,Vairocana,,,,,,
Aro Yeshe Jungné,a ro ye shes 'byung gnas,ཨ་རོ་ཡེ་ཤེས་འབྱུང་གནས།,,10th-11th centuries,1050,,Received Heart Essence teachings from Yudra Nyingpo.,,,Aural,Vairocana,Yudra Nyingpo,,,,,,
Setsün,se btsun,སེ་བཙུན།,,10th-11th centuries,1100,,Received Heart Essence teachings from Aro Yeshe Jungne.,,,Aural,Vairocana,Aro Yeshe Jungné,,,,,,
Kadampa Deshek,kah dam pa bde gshegs,ཀཿ་ཐོག་པ་དམ་པ་བདེ་གཤེགས།,,1122-1192,1122,,"Born in Belmo, Kham. Received many teachings including Dzogchen Heart Essence from Jangtön Namdak. Founded famous Katok Monastery in 1159. Authored important commentaries to the Gathering of All Intentions Sūtra.",,,Aural,Vairocana,Jangtön Namdak,,,,Treasury of Lives,https://treasuryoflives.org/biographies/view/Katokpa-Dampa-Deshek/2589,
Jangtön Namdak,,,,11th-12th centuries,1100,,Received Heart Essence teachings from Setsün.,,,Aural,Vairocana,Setsün,,,,,,
Drimé Dashar and others,,,,10th-11th centuries,1000,,10th-11th century masters and teachers of Longchen Rabjampa,,,Aural,Vimalamitra,Yudra Nyingpo,,,,,,
Padmasambhava,pad+ma 'byung gnas,པདྨ་འབྱུང་གནས།,,8th century,700,,"Received Mind, Space, and Pith Instruction Series from Śrī Siṃha along with the Seventeen Tantras and eighteenth Tantra of the Sun. Received Padmasambhava empowerments and practiced for three years attaining vajra body. Transmitted eighteen tantras to Yeshe Tsogyel and Heart Essence to Princess Pemasel.",,,Symbolic,Padmasambhava,Śrī Siṃha,,,,Treasury of Lives,https://treasuryoflives.org/biographies/view/Padmasambhava/7442,
King Trisong Detsen,khri srong sde btsan,ཁྲི་སྲོང་སྡེ་བཙན།,,8th century,725,,"38th King of Tibet, one of the three dharma kings. Invited Shantarakshita and Padmasambhava to Tibet. Received transmissions from both Padmasambhava and Vimalamitra. Had five wives including Yeshe Tsogyel, and daughter Princess Pemasel.",,,Aural,Vimalamitra; Padmasambhava,Vimalamitra; Padmasambhava,,,,,,
Yeshe Tsogyel,ye shes mtsho rgyal,ཡེ་ཤེས་མཚོ་རྒྱལ།,,8th century,750,,Born in Chog ro Dringtsam with auspicious mark of double vajra on forehead. Offered to Padmasambhava by King Trisong Detsen. Received profound pith instructions from Padmasambhava and helped commit them to writing. Responsible for burying Padmasambhava's many Treasures.,,,Aural,Padmasambhava,Padmasambhava,,,,Treasury of Lives,https://treasuryoflives.org/biographies/view/Yeshe-Tsogyel/10373,
Nyang Tingzin Zangpo,myang ban ting 'dzin bzang po,མྱང་བན་ཏིང་འཛིན་བཟང་པོ།,,8th-9th centuries,800,,"Convinced King Trisong Detsen to invite Vimalamitra to Tibet. Received full transmission from Vimalamitra, then left for China and practiced for 55 years. Hid teachings in Zha Templa with protective seals making them invisible.",,,Aural,Vimalamitra,Vimalamitra,,,,Treasury of Lives,https://treasuryoflives.org/biographies/view/Nyang-Tingzin-Zangpo/P3827,
Bé Lodrö Wangchuk,sbas blo dros dbang phyug,སྦས་བློ་དྲོས་དབང་ཕྱུག།,,9th century,800,,"Born into the Bé clan in Pen Valley, central Tibet. Studied all pith instructions from Nyang Tingzin Zangpo. Practiced at different holy sites and achieved an immutable form of rainbow body that leaves behind no physical residue.",,,Aural,Vimalamitra,Nyang Tingzin Zangpo,,,,,,
Drom Rinchen Bar,brom ston rin chen 'bar,འབྲོམ་སྟོན་རིན་ཆེན་འབར།,,9th-10th centuries,875,,Born into the Drom clan in central Tibet. Received the oral lineage of the Heart Essence teachings from Bé Lodrö Wangchuk. Practiced at a cliff known as Drakar Tso and other places.,,,Aural,Vimalamitra,Bé Lodrö Wangchuk,,,,,,
Dangma Lhundrup Gyaltsen,ldang ma lhun grub rgyal mtshan,ལྡང་མ་ལྷུན་གྲུབ་རྒྱལ་མཚན,,10th-11th centuries,1000,,Received complete transmission of oral lineage from Drom Rinchen Bar. Received prophecy from deity Vajrasadhu and revealed manuscripts previously hidden by Nyang Tingzin Zangpo 100 years earlier in the temple of Zha.,,,Aural,Vimalamitra,Drom Rinchen Bar,,,,,,
Chetsun Senggé Wangchuk,lce btsun seng ge dbang phyug,ལྕེ་བཙུན་སེང་གེ་དབང་ཕྱུག།,,12th century,1125,,Received all instructions from Dangma Lhundrup Gyaltsen. Copied and re-concealed Treasure manuscripts near Takdra Spring in three places. Had visions of Vimalamitra who gave him complete Heart Essence empowerments and transmissions.,,,Aural,Vimalamitra,Dangma Lhundrup Gyaltsen,,,,Treasury of Lives,https://treasuryoflives.org/biographies/view/Chetsun-Sengge-Wangchuk/TBRC_p0rk1222,
Zhangtön Tashi Dorjé,zhang ston bkra shis rdo rje,ཞང་སྟོན་བཀྲ་ཤིས་རྡོ་རྗེ།,,1097-1167,1150,,"Born in Lado in the region of Yardok Donang. At age 21 in 1117, revealed Treasures buried by Chetsun Wangchuk. In 1121 at age 25, met Chetsun Senggé Wangchuk and received complete transmission of Dzogchen Heart Essence teachings.",,,Aural,Vimalamitra,Chetsun Senggé Wangchuk,,,,Treasury of Lives,https://treasuryoflives.org/zh/biographies/view/Gyelwa-Zhangton/P634,
Nyima Bum,zhang mkhas pa nyi ma 'bum,ཞང་མཁས་པ་ཉི་མ་འབུམ།,,1158-1213,1175,,"Son of Zhangtön Tashi Dorjé, born in 1158. Considered an emanation of Vajrapāṇi according to prophecy in the Tantra Beyond Sound. Received Heart Essence of Vimalamitra from his father and composed the commentary Eleven Words and Meanings.",,,Aural,Vimalamitra,Zhangtön Tashi Dorjé,,,,Treasury of Lives,https://treasuryoflives.org/zh/biographies/view/Nyima-Bum/8912,
Guru Jober,gu ru jo 'ber,གུ་རུ་ཇོ་འབེར།,,1196-1255,1200,,Possible nephew to Nyima Bum. Received the whole Heart Essence transmission from Nyima Bum.,,,Aural,Vimalamitra,Nyima Bum,,,,Treasury of Lives,https://treasuryoflives.org/zh/biographies/view/Guru-Jober/TBRC_p631,
Trulzhik Senggé Gyabpa,khrul zhig seng ge rgyab pa,འཁྲུལ་ཞིག་སེང་གེ་རྒྱབ་པ།,,13th century,1250,,Born in town of Soge Treng in Yoru region of Tibet. Had numerous pure visions and received vision of Avalokiteśvara at age 13 telling him to practice Dzogchen Heart Essence. Received full teachings from Guru Jober.,,,Aural,Vimalamitra,Guru Jober,,,,Treasury of Lives,https://treasuryoflives.org/zh/biographies/view/Trulzhig-Sengge-Gyabpa/1754,
Melong Dorjé,sgrub chen me long mdo rje,སྒྲུབ་ཆེན་མེ་ལོང་མདོ་རྗེ།,,1243-1303,1275,,Born in upper part of Drak Valley. Studied with many teachers and received Dzogchen Heart Essence from Trulshik Senggé Gyabpa. Traveled to hidden lands and revealed Treasure from Drak Yongdzong known as Melong Heart Essence.,,,Aural,Vimalamitra,Trulzhik Senggé Gyabpa,,,,Treasury of Lives,https://treasuryoflives.org/biographies/view/Melong-Dorje/8857,
Kumārarāja,rig 'dzin ku ma rā dza,རིག་འཛིན་ཀུ་མ་རཱ་ཛ།,,1266-1343,1300,,Born in town Barsar Dzinkha in Yoru region. Met Melong Dorje who introduced him to the nature of mind. Served as Melong Dorjé's attendant in Bhutan and had vision of Padmasambhava. Transmitted teachings to disciples Longchenpa and Karmapa Rangjung Dorjé.,,,Aural,Vimalamitra,Melong Dorjé,,,,,,
Longchen Rabjampa,klong chen rab 'byams,ཀློང་ཆེན་རབ་འབྱམས།,,1308-1364,1325,,Born in Todtrong village in Upper Dra valley in Yoru. Met Rigzin Kumārarāja around age 25 and received Heart Essence teachings. Claimed to have had visions of ḍākinīs authenticating his identity as reincarnation of Pema Ledrelstel and Princess Pemasel.,,,Aural,All lineages,"Kumārarāja, Gyalsé Lekpa Gyaltsen; Rigdzin Chenpo Kumaradza; Drimé Dashar and others",,,,Treasury of Lives,https://treasuryoflives.org/biographies/view/Longchenpa-Drime-Wozer/2882,
Orgyen Chöjé,o rgya chos rje,ཨོ་རྒྱན་ཆོས་རྗེ།,,14th century,1350,,14th century student of Longchen Rabjampa,,,Aural,All lineages,Longchen Rabjampa,,,,,,
Guru Ösel Rangdrol,od gsal rang grol,འོད་གསལ་རང་གྲོལ།,,14th century,1350,,14th century student of Longchen Rabjampa,,,Aural,All lineages,Longchen Rabjampa,,,,,,
Tulku Paljor Gyaltsen,sprul sku dpal 'byor rgyal mtshan,སྤྲུལ་སྐུ་དཔལ་འབྱོར་རྒྱལ་མཚན,,14th century,1350,,14th century student of Longchen Rabjampa,,,Aural,All lineages,Longchen Rabjampa,,,,,,
Dokhampa Dengom Chödrak Zangpo,,,,14th century,1350,,14th century student of Longchen Rabjampa,,,Aural,All lineages,Longchen Rabjampa,,,,,,
Princess Lhacam Pemasel,lha lcam pad+ma gsal,ལྷ་ལྕམ་པདྨ་གསལ།,,8th century,775,,Daughter of King Trisong Detsen who died at age 8 due to karmic obstacles. Revived by Padmasambhava who gave her secret name Pema Ledreltsel and transmitted Padmasambhavas to her. Prophesied to re-reveal this Treasure in future life.,,,Aural,Padmasambhava,Padmasambhava; Yeshe Tsogyel,,,,Treasury of Lives,https://treasuryoflives.org/biographies/view/Princess-Pemasel/TBRC_P2JM172,
Karmapa Rangjung Dorjé,rang 'byung rdo rje,རང་འབྱུང་རྡོ་རྗེ།,,1284-1339,1300,,"Third Karmapa, head of Karma Kagyü school. Born in Tsa Pugang Zhurmo. Student of Rigzin Kumararājā for Heart Essence of Vimalamitra. Received Padmasambhavas from either Tulku Lekden or Lotön Dorje Bum. Transmitted teachings to Longchenpa and Gyalwa Yungtön Dorjé Pel.",,,Aural,Padmasambhava,Tulku Legden/Gyalse Legpa; Padmasambhava; Kumārarāja,,,,Treasury of Lives,https://treasuryoflives.org/biographies/view/Third-Karmapa-Rangjung-Dorje/9201,
Gyalwa Yungtön Dorjé,rgyal ba g.yung ston rdo rje dpal,རྒྱལ་བ་གཡུང་སྟོན་རྡོ་རྗེ་དཔལ།,,1284-1365,1325,,Born into Len clan in Tsongdu. Studied with many teachers including Butön Rinchen Drub and Third Karmapa. Received Mahāmudrā teachings and Padmasambhava transmission from Karmapa. Author of early transmission history of Padmasambhava.,,,Aural,Padmasambhava,Karmapa Rangjung Dorjé,,,,Treasury of Lives,https://treasuryoflives.org/biographies/view/Yungton-Dorje-Pel/2740,
Meban Rinchen Lingpa,me ban rin chen gling pa,མེ་བན་རིན་ཆེན་གླིང་པ།,,1289-1368,1300,,"Born in Tsedrong in Loro Karpo. Treasure revealer who gave Pema Ledreltsel the prophetic guide leading to Padmasambhava. After Pema Ledreltsel revealed the Treasure, received transmission from Gyalse Legpa. Likely main teacher of Rigzin Gödemchen.",,,Aural,All Lineages,Tulku Legden/Gyalse Legpa,,,,Treasury of Lives,https://treasuryoflives.org/biographies/view/Meban-Rinchen-Lingpa/3417,
Pema Ledreltsel/Tsultrim Dorjé,pad+ma las 'brel rtsal,པདྨ་ལས་འབྲེལ་རྩལ།,,1291-1315/1319,1291,,"Reincarnation of Princess Pema Sel, reborn in Dritang. At age 23 in 1313, revealed Treasures of Padmasambhava from Danglung Tramo boulder in Dagspo. Met with inauspicious circumstances and died young.",,,Aural,Padmasambhava,,Princess Lhacam Pemasel,,,Treasury of Lives,https://treasuryoflives.org/biographies/view/Pema-Ledrel-Tsel/10301,
Tulku Legden/Gyalse Legpa,prul sku legs ldan or rgyal sras legs pa,རྒྱལ་སྲས་ལེགས་པ།,,1290-1366,1325,,"Primary disciple of Tsultrim Dorjé/Pema Ledreltsel. Born with prophesied mole on right thigh. After receiving Heart Essence transmission, practiced diligently for twelve years. Transmitted teachings to Rinchen Lingpa, Jadralwa Zöpa, and Karmapa Rangjung Dorjé.",,,Aural,Padmasambhava,Pema Ledreltsel/Tsultrim Dorjé,,,,Treasury of Lives,https://treasuryoflives.org/biographies/view/-Gyelse-Lekpa/P7625,
Rigzin Gödem,rig 'dzin rgod ldem,རིག་འཛིན་རྒོད་ལྡེམ།,,1337-1409,1350,,Born in Nyenyul. In 1366 unearthed first of Northern Treasures in form of seven paper scrolls and four volumes of Samantabhadra's Unimpeded Realization. His Treasure includes 40-60% of original core of Padmasambhava. Credited with unearthing keys to hidden lands.,,,Aural,All lineages,Meban Rinchen Lingpa; Longchen Rabjampa,,,,Treasury of Lives,https://treasuryoflives.org/biographies/view/Rigdzin-Godemchen/TBRC_P5254,
Jadralwa Zöpa,bya bral ba bzod pa,བྱ་བྲལ་བ་བཟོད་པ།,,14th to 15th centuries,1400,,"Born in place called Gong. Author of main transmission histories of Padmasambhava. Received transmissions from Longchenpa, Rinchen Lingpa, and three separate transmissions from Tulku Legden.",,,Aural,All lineages,Longchen Rabjampa; Meban Rinchen Lingpa; Tulku Legden/Gyalse Legpa,,,,,,
Jamyang Khyentsé Wangpo,jam dbyangs mkhyen brtse'i dbang po,འཇམ་དབྱངས་མཁྱེན་བརྩེའི་དབང་པོ།,,1820-1892,1820,,Great Rime master,,,Aural,All lineages,Longchen Rabjampa; Paltrul Orgyen Jigmé Chokyi Wangpo; Jetsunma Trinle Chodron,,,,Treasury of Lives,https://treasuryoflives.org/biographies/view/Jamyang-Khyentse-Wangpo/4291,
Chungtrul Pema Wangchen,khyung sprul pad+ma dbang chen,ཁྱུང་སྤྲུལ་པདྨ་དབང་ཆེན།,,1855-1920,1890,,Student of Jamgön Kongtrul,,,Aural,All lineages,Jamgön Kongtrul Yönten Gyatso Lodrö Tayé; Jamgön Kongtrul Yönten Gyatso Lodrö Tayé,,,,,,
Tokden Śākya Śrī,rtogs ldan shAkya shrI,རྟོགས་ལྡན་ཤཱཀྱ་ཤྲཱི།,,1853-1919,1853,,,,,Aural,All lineages,Jamgön Kongtrul Yönten Gyatso Lodrö Tayé,,,,,,
Lopön Rinpoche Lama Sönam Zangpo,slob dpon rin po che bsod nams bzang po,བསོད་ནམས་བཟང་པོ།,,1888-1982,1920,,,,,Aural,All lineages,Tokden Śākya Śrī,,,,,,
Ritrul Rigdzin Chögyal a.k.a. Drubwang Adzin Rinpoche,ri sprul ring 'dzin chos rgyal a.k.a. Grub dbang a 'dzin rin po che),རི་སྤྲུལ་རིང་འཛིན་ཆོས་རྒྱལ། གྲུབ་དབང་ཨ་འཛིན་རིན་པོ་ཆེ།,,1933-1997,1933,,,,,Aural,All lineages,Tokden Śākya Śrī,,,,,,
Namkha Drimed Rinpoche,nam mkha' dri med rin po che,ནམ་མཁའ་དྲི་མེད་རིན་པོ་ཆེ།,,b. 1938,1938,,,,,Aural,All lineages,Ritrul Rigdzin Chögyal a.k.a. Drubwang Adzin Rinpoche,,,,,,
Mipam Jamyang Namgyal Gyatso,mi pham 'jam mgon rnam rgyal rgya mtsho,མི་ཕམ་འཇམ་མགོན་རྣམ་རྒྱལ་རྒྱ་མཚོ།,,1846-1912,1846,,,,,Aural,All lineages,Jamyang Khyentsé Wangpo,,,,,,
Khenchen Jampal Dewai Nyima,mkhan chen jam dpal bde ba'i nyi ma,མཁན་ཆེན་འཇམ་དཔལ་བདེ་བའི་ཉི་མ།,,20th century,1950,,,,,Aural,All lineages,Mipam Jamyang Namgyal Gyatso,,,,,,
4th Zhechen Gyaltsap Gyurmé Pema Namgyal,zhe chen rgyal tshab 'gyur med padma rnam rgyal,ཞེ་ཆེན་རྒྱལ་ཚབ་འགྱུར་མེད་པདྨ་རྣམ་རྒྱལ།,,1871-1926,1871,,"Fourth Zhechen Gyaltsap, student of Jamyang Khyentse Wangpo, Mipham Rinpoche, and Jamgön Kongtrul",,,Aural,All lineages,Jamyang Khyentsé Wangpo; Mipam Jamyang Namgyal Gyatso; Jamgön Kongtrul Yönten Gyatso Lodrö Tayé; Jamyang Khyentsé Wangpo; Mipham Rinpoche; Jamgön Kongtrul Yönten Gyatso Lodrö Tayé,,,,,,
Gyakob Tulku Kunzang,rgya khob sprul sku kun bzang,རྒྱ་ཁོབ་སྤྲུལ་སྐུ་ཀུན་བཟང།,,late 19th-early 20th centuries,1900,,,,,Aural,All lineages,Jamyang Khyentsé Wangpo; Jamgön Kongtrul Yönten Gyatso Lodrö Tayé,,,,,,
Dza Pukhung Gyurmé Ngedön Wangpo,rdza phu khung 'gyur med nges don dbang po,རྫ་ཕུ་ཁུང་འགྱུར་མེད་ངེས་དོན་དབང་པོ།,,1820-1892,1820,,Student of Jamyang Khyentse Wangpo,,,Aural,All lineages,Jamyang Khyentsé Wangpo; Jamyang Khyentsé Wangpo,,,,,,
Dudjom Rinpoche Jigdral Yeshe Dorjé,bdud 'joms 'jigs bral ye shes rdo rje,བདུད་འཇོམས་རིན་པོ་ཆེ་འཇིགས་བྲལ་ཡེ་ཤེས་རྡོ་རྗེ།,,1904-1987,1904,,"Great master, student of Jedrung Trinlé Jampa Jungné and Dza Pukhung Gyurmé Ngedön Wangpo",,,Aural,All lineages,Jedrung Trinlé Jampa Jungné; Dza Pukhung Gyurmé Ngedön Wangpo,,,,,,
Minling Trichen Kunzang Wangyal,smin gling khri chen kun bzang dbang rgyal,སྨིན་གླིང་ཁྲི་ཆེན་ཀུན་བཟང་དབང་རྒྱལ།,,1931-2008,1931,,Contemporary master,,,Aural,All lineages,Dudjom Rinpoche Jigdral Yeshe Dorjé; Jamyang Khyentse Chökyi Lodrö; Jamyang Khyentse Chökyi Lodrö,,,,,,
Dudjom Yangsi a.k.a. Dudjom Sangye Pema Shepa,bdud 'joms yang srid a.k.a. bdud 'joms sangs rgyas padma bzhad pa,བདུད་འཇོམས་ཡང་སྲིད། བདུད་འཇོམས་སངས་རྒྱས་པདམ་བཞད་པ།,,1991-,1991,,Contemporary reincarnation,,,Aural,All lineages,Dudjom Rinpoche Jigdral Yeshe Dorjé; Chatral Rinpoché Sanjé Dorjé,Dudjom Rinpoche Jigdral Yeshe Dorjé,,,,,
Terchen Orgyen Chokgyur Lingpa,gter chen o rgyan mchog gyur gling pa,གཏེར་ཆེན་ཨོ་རྒྱན་མཆོག་གྱུར་བདེ་ཆེན་གླིང་པ,,1829-1870,1850,,"Treasure revealer, student of Jamyang Khyentse Wangpo",,,Aural,All lineages,Jamyang Khyentsé Wangpo; Jamyang Khyentsé Wangpo,,,,,,
Tulku Urgyen Rinpoche,sprul sku o rgyan rin po che,སྤྲུལ་སྐུ་ཨོ་རྒྱནརིན་པོ་ཆེ།,,1920-1996,1920,,"Contemporary master, familial relationship with Terchen Orgyen Chokgyur Lingpa",,,Aural,All lineages,Terchen Orgyen Chokgyur Lingpa,,TRUE,,,,
Neten Chokling,gnas brtan mchog gling,གནས་བརྟན་མཆོག་གླིང།,,1928-1973,1950,,,,,Aural,All lineages,Terchen Orgyen Chokgyur Lingpa; Jamyang Khyentse Chökyi Lodrö,,,,,,
Orgyen Tobgyal Rinpoche,o rgyan stobs rgyal rin po che,ཨོ་རྒྱན་སྟོབས་རྒྱལ་རིན་པོ་ཆེ།,,1951-,1951,Source: Rigpa wiki,Contemporary master,,,Aural,All lineages,Öpame Thekchok Dorje; Neten Chokling; Jamyang Khyentse Chökyi Lodrö; Jamyang Khyentse Chökyi Lodrö,,TRUE,,,,"Orgyen Tobgyal has familial relationship w ppl, probably not all. so you need to sus out whos fam and who isnt. we def need to modify the csv to accomodate fam vs normal teaching relationships."
2nd Dzigar Kongtrul,dzi sgar kong sprul 'jigs med rnam rgyal,འཛི་སྒར་ཀོང་སྤྲུལ་འཇིགས་མེད་རྣམ་རྒྱལ།,,1964-present,1964,,Contemporary master,,,Aural,All lineages,Orgyen Tobgyal; Jamyang Khyentse Chökyi Lodrö; Dilgo Khyentsé Rinpoche Rabsel Dawa; Jamyang Khyentse Chökyi Lodrö; Orgyen Tobgyal,1st Dzigar Kongtrul Rinpoché,TRUE,,,,
5th Dzogchen Rinpoche Thupten Chökyi Dorjé,thub bstan chos kyi rdo rje,ཐུབ་བསྟན་ཆོས་ཀྱི་རྡོ་རྗེ།,,1872-1935,1900,,,,,Aural,All lineages,Jamyang Khyentsé Wangpo,,,,,,
Adzom Drukpa Rinpoche Drodul Pawo Dorjé,a 'dzom 'brug pa rin po che 'gro 'dul dpa' bo rdo rje,ཨ་འཛོམ་འབྲུག་པ་རིན་པོ་ཆེ་འགྲོ་འདུལ་དཔའ་བོ་རྡོ་རྗེ།,,1842-1924,1842,,Student of Jamyang Khyentse Wangpo,,,Aural,All lineages,Jamyang Khyentsé Wangpo; Jamyang Khyentsé Wangpo,,,,,,
Adzom Druktrul Tubten Pema Trinlé,a ‘dzom brug sprul thub bstan pad+ma ‘phrin las,ཨ་འཛོམ་བྲུག་སྤྲུལ་ཐུབ་བསྟན་པདྨ་འཕྲིན་ལས།,,1926-2001,1926,,,,,Aural,All lineages,Adzom Drukpa Rinpoche Drodul Pawo Dorjé,,,,,,
Jamyang Khyentse Chökyi Lodrö,‘jam dbyangs mkhyen brtse chos kyi blo gros,འཇམ་དབྱངས་མཁྱེན་བརྩེ་ཆོས་ཀྱི་བློ་གྲོས།,,1893-1959,1893,,Great 20th century master,,,Aural,All lineages,Adzom Drukpa Rinpoche Drodul Pawo Dorjé; Jamyang Khyentsé Wangpo; Adzom Drukpa Rinpoche Drodul Pawo Dorjé,,,,,,
Khen Rinpoche Karma Dorjé,mkhan rin po che kar ma rdo rje,མཁན་རིན་པོ་ཆེ་ཀར་མ་རྡོ་རྗེ།,,1850-1950 (approx),1850,,,,,Aural,All lineages,Jamyang Khyentse Chökyi Lodrö; Adzom Gyalse Gyurmé Dorjé,,,,,,
Sakya Khen Rinpoche Appey,mkhan po a pad yon tan bzang po,མཁན་པོ་ཨ་པད་ཡོན་ཏན་བཟང་པོ།,,1927-2010,1927,,,,,Aural,All lineages,Jamyang Khyentse Chökyi Lodrö; Jamyang Khyentse Chökyi Lodrö,,,,,,
Lakar Sogyal Choktrul Rinpoche,bsod rgyal rin po che,བསོད་རྒྱལ་རིན་པོ་ཆེ།,,1947-2019,1947,,,,,Aural,All lineages,Jamyang Khyentse Chökyi Lodrö; Jamyang Khyentse Chökyi Lodrö,,,,,,
Katok Öntrul Rinpoche,gzhi chen dbon sprul rin po che,གཞི་ཆེན་དབོན་སྤྲུལ་རིན་པོ་ཆེ།,,20th century,1950,,,,,Aural,All lineages,Jamyang Khyentse Chökyi Lodrö; Jamyang Khyentse Chökyi Lodrö,,,,,,
Adzom Gyalse Gyurmé Dorjé,a 'dzom rgyal sras 'gyur med rdo rje,ཨ་འཛོམ་རྒྱལ་སྲས་འགྱུར་མེད་རྡོ་རྗེ།,,1895-1969,1895,,,,,Aural,All lineages,Adzom Drukpa Rinpoche Drodul Pawo Dorjé,,,,,,
Golok Lama Kunzang,mgo log bla ma kun bzang,མགོ་ལོག་བླ་མ་ཀུན་བཟང།,,20th century,1950,,,,,Aural,All lineages,Adzom Drukpa Rinpoche Drodul Pawo Dorjé,,,,,,
Serta Rinpoche,gser rta rin po che a.k.a. pad+ma lung rtogs rgya mtsho,གསེར་རྟ་རིན་པོ་ཆེ། པདྨ་ལུང་རྟོགས་རྒྱ་མཚོ།,,1891-1963 or 1964,1891,,,,,Aural,All lineages,Adzom Drukpa Rinpoche Drodul Pawo Dorjé,,,,,,
Yukhok Jadralwa Chöying Rangdrol,g.yu khog bya bral ba chos dbyings rang grol,གཡུ་ཁོག་བྱ་བྲལ་བ་ཆོས་དབྱིངས་རང་གྲོལ།,,1872-1952,1920,,19th century master,,,Aural,All lineages,Adzom Drukpa Rinpoche Drodul Pawo Dorjé,,,,,,
4th Dodrupchen Jikmé Trinlé Palbar,jigs med phrin las dpal 'bar་a.k.a thub bstan phrin las dpal bzang po,འཇིགས་མེད་ཕྲིན་ལས་དཔལ་འབར། ཐུབ་བསྟན་ཕྲིན་ལས་དཔལ་བཟང་པོ།,,1927-2022,1950,,,,,Aural,All lineages,Yukhok Jadralwa Chöying Rangdrol,,,,,,
Rakor Khen Drimé Özer,ra skor dri med 'od zer,ར་སྐོར་དྲི་མེད་འོད་ཟེར།,,19th-20th centuries,1950,,,,,Aural,All lineages,Yukhok Jadralwa Chöying Rangdrol,,,,,,
Gyarong Tsöndrü,rgya rong brtson 'grus,རྒྱ་རོང་བརྩོན་འགྲུས།,,19th-20th centuries,1950,,,,,Aural,All lineages,Yukhok Jadralwa Chöying Rangdrol,,,,,,
Tsö Patrul Rinpoche,gtsos dpal sprul rin po che kun bzang gzhan phan 'od zer,གཙོས་དཔལ་སྤྲུལ་རིན་པོ་ཆེ་ཀུན་བཟང་གཞན་ཕན་འོད་ཟེར།,,20th century,1920,,,,,Aural,All lineages,Adzom Drukpa Rinpoche Drodul Pawo Dorjé,,,,,,
Jedrung Trinlé Jampa Jungné,rje drung phrin las byams pa 'byung gnas,རྗེ་དྲུང་ཕྲིན་ལས་བྱམས་པ་འབྱུང་གནས།,,1825-1881,1825,,Student of Jamyang Khyentse Wangpo and Jamgön Kongtrul,,,Aural,All lineages,Jamyang Khyentsé Wangpo; Jamgön Kongtrul Yönten Gyatso Lodrö Tayé,,,,,,
3rd Katok Situ Kunchen Orgyen Chökyi Dorjé,kaḥ thog si tu chos kyi rgya mtsho,ཀཿཐོག་སི་ཏུ་ཆོས་ཀྱི་རྒྱ་མཚོ།,,1880-1925,1880,,"Third Katok Situ, student of Jamyang Khyentse Wangpo, Mipham Rinpoche, and Jamgön Kongtrul",,,Aural,All lineages,Jamyang Khyentsé Wangpo; Mipham Rinpoche; Jamgön Kongtrul Yönten Gyatso Lodrö Tayé; Jamyang Khyentsé Wangpo; Jamgön Kongtrul Yönten Gyatso Lodrö Tayé; Mipam Jamyang Namgyal Gyatso,,,,,,
Kangyur Rinpoche Longchen Yeshé Dorjé,bka' 'gyur rin po che klong chen ye shes rdo rje,བཀའ་འགྱུར་རིན་པོ་ཆེ་ཀློང་ཆེན་ཡེ་ཤེས་རྡོ་རྗེ།,,1898-1975,1898,,,,,Aural,All lineages,Jedrung Trinlé Jampa Jungné,,,,,,
Dilgo Khyentsé Rinpoche Rabsel Dawa,dil mgo mkhyen brtse rin po che rab gsal zla ba,དིལ་མགོ་མཁྱེན་བརྩེ་རིན་པོ་ཆེ་རབ་གསལ་ཟླ་བ།,,1910-1991,1910,,"Great 20th century master, student of 4th Zhechen Gyaltsap",,,Aural,All lineages,Jamyang Khyentsé Wangpo; Adzom Drukpa Rinpoche Drodul Pawo Dorjé; 4th Zhechen Gyaltsap Gyurmé Pema Namgyal; Jamyang Khyentse Chökyi Lodrö; Dilgo Khyentsé Rinpoche Rabsel Dawa; 4th Zhechen Gyaltsap Gyurmé Pema Namgyal; Jamyang Khyentse Chökyi Lodrö,Jamyang Khyentsé Wangpo,,,,,
Dilgo Khyentsé Yangsi,o rgyan bstan 'dzin 'jigs med lhun grub,ཨོ་རྒྱན་བསྟན་འཛིན་འཇིགས་མེད་ལྷུན་གྲུབ།,,1993-present,1995,,Contemporary reincarnation,,,Aural,All lineages,Dilgo Khyentsé Rinpoche Rabsel Dawa; Tulku Urgyen Rinpoche; Dilgo Khyentsé Rinpoche Rabsel Dawa,Dilgo Khyentsé Rinpoche Rabsel Dawa,TRUE,,,,
Rigdzin Pema Lingpa,rig 'dzin pad+ma gling pa,,,1450-1521,1450,,Great treasure revealer,,,Aural,All lineages,,Longchen Rabjampa,,,Treasury of Lives,https://treasuryoflives.org/biographies/view/Pema-Lingpa/3000,
"2nd Pema Lingpa, Tendzin Chökyi Drakpa",bstan 'dzin grags pa,བསྟན་འཛིན་གྲགས་པ།,,1536-1597,1536,,Incarnation of Rigdzin Pema Lingpa,,,Aural,All lineages,Tulku Natsok Rangdrol,Rigdzin Pema Lingpa,,,,,
"3rd Pema Lingpa, Kunchen Tsultrim Dorjé",kun mkhyen tshul khrims rdo rje,ཀུན་མཁྱེན་ཚུལ་ཁྲིམས་རྡོ་རྗེ།,,1598-1669,1598,,Incarnation of 2nd Pema Lingpa,,,Aural,All lineages,,"2nd Pema Lingpa, Tendzin Chökyi Drakpa",,,,,
"4th Pema Lingpa, Dorjé Mikyö Tsal",rdo rje mi bskyod rtsal,རྡོ་རྗེ་མི་བསྐྱོད་རྩལ།,,1680-1723,1680,,Incarnation of 3rd Pema Lingpa,,,Aural,All lineages,,"3rd Pema Lingpa, Kunchen Tsultrim Dorjé",,,,,
"5th Pema Lingpa, Kunzang Tsewang",kun bzang tshe dbang,ཀུན་བཟང་ཚེ་དབང།,,1725-1762,1725,,Incarnation of 4th Pema Lingpa,,,Aural,All lineages,,"4th Pema Lingpa, Dorjé Mikyö Tsal",,,,,
"6th Pema Lingpa, Kunzang Tenpai Gyaltsen",kun bzang bstan pa'i rgyal mtshan,ཀུན་བཟང་བསྟན་པའི་རྒྱལ་མཚན།,,1763-1817,1763,,Incarnation of 5th Pema Lingpa,,,Aural,All lineages,,"5th Pema Lingpa, Kunzang Tsewang",,,,,
"7th Pema Lingpa, Pema Tendzin",pad+ma bstan 'dzin,པདྨ་བསྟན་འཛིན།,,1819-1842,1819,,Incarnation of 6th Pema Lingpa,,,Aural,All lineages,,"6th Pema Lingpa, Kunzang Tenpai Gyaltsen",,,,,
"8th Pema Lingpa, Kunzang Dechen Dorjé",kun bzang bde chen rdo rje,ཀུན་བཟང་བདེ་ཆེན་རྡོ་རྗེ།,,1843-1891,1843,,Incarnation of 7th Pema Lingpa,,,Aural,All lineages,,"7th Pema Lingpa, Pema Tendzin",,,,,
"9th Pema Lingpa, Tendzin Chökyi Gyaltsen",bstan 'dzin chos kyi rgyal mtshan,བསྟན་འཛིན་ཆོས་ཀྱི་རྒྱལ་མཚན།,,1894-1925,1894,,Incarnation of 8th Pema Lingpa,,,Aural,All lineages,,"8th Pema Lingpa, Kunzang Dechen Dorjé",,,,,
"10th Pema Lingpa, Pema Ösel Gyurmé Dorjé",pad+ma 'od gsal 'gyur med rdo rje,པདྨ་འོད་གསལ་འགྱུར་མེད་རྡོ་རྗེ།,,1930-1955,1930,,Incarnation of 9th Pema Lingpa,,,Aural,All lineages,,"9th Pema Lingpa, Tendzin Chökyi Gyaltsen",,,,,
"11th Pema Lingpa, Kunzang Pema Rinchen Namgyal",kun bzang pad+ma rin chen rnam rgyal,ཀུན་བཟང་པདྨ་རིན་ཆེན་རྣམ་རྒྱལ།,,1968-,1968,,Current incarnation of 10th Pema Lingpa,,,Aural,All lineages,,"10th Pema Lingpa, Pema Ösel Gyurmé Dorjé",,,,,
Dawa Gyaltsen,zla ba rgyal mtshan,ཟླ་བ་རྒྱལ་མཚན།,,1499-1587,1500,"Source: Treasury of Lives, Courtesy of Ariana Maki",15th-16th century family member,,,Aural,All lineages,Rigdzin Pema Lingpa,,TRUE,,Treasury of Lives,https://treasuryoflives.org/biographies/view/Dawa-Gyeltsen/4372,
Tuksé Incarnations,thugs sras sprul sku,ཐུགས་སྲས་སྤྲུལ་སྐུ།,,1520-,1520,,Incarnation lineage of Dawa Gyaltsen,,,Aural,All lineages,,Dawa Gyaltsen,,,,,
Rigdzin Pema Trinlé,pad+ma 'phrin las,སྒང་སྟེང ༠༡ པདྨ་འཕྲིན་ལས།,,1564-1642,1575,"Source: Treasury of Lives, Courtesy of Ariana Maki",15th-16th century family member,,,Aural,All lineages,Dawa Gyaltsen,,TRUE,,Treasury of Lives,https://treasuryoflives.org/biographies/view/Gyelse-Pema-Trinle/TBRC_P2659,
Gangteng Incarnations,sgang steng sprul sku,སྒང་སྟེང་སྤྲུལ་སྐུ།,,mid-17th century to present,1650,,Incarnation lineage of Rigdzin Pema Trinlé,,,Aural,All lineages,,Rigdzin Pema Trinlé,,,,,
Getsé Jigmé Ngotsar Tendzin,dge rtse'i 'jigs med ngo mtshar bstan 'dzin,དགེ་རྩེའི་འཇིགས་མེད་ངོ་མཚར་བསྟན་འཛིན།,,18th-19th centuries,1760,,He was a direct student of Jigmé Lingpa (and one of the Four Jikmés) as well as a student of the Third Dzogchen Rinpoche. He taught luminaries such as Gyalsé Shenpen Tayé and Patrul Rinpoche. He founded Kilung Monastery in 1790. (Rigpa),,,Aural,All lineages,Rigdzin Jigmé Lingpa,,,,,https://treasuryoflives.org/biographies/view/Jigme-Ngotsar/4622་,
Jigmé Kundrol Namgyal,jigs med kun grol,འཇིགས་མེད་ཀུན་གྲོལ་རྣམ་རྒྱལ།,,18th-19th centuries,1760,,"He was a direct student of Jigmé Lingpa and one of the Four Jigmés. He was born in Wangdar Lung, Bhutan. In his youth he trained in the Drukpa Kagyü lineage but, while serving as the manager for his monastery, he witnessed the killing of animals for meat and deep compassion arose within him. Thereupon he left his monastery and went to Tibet, where he received a complete monastic education at the renowned Mindroling Monastery. When he heard that the great master Jigmé Lingpa was residing at Samye, he decided to go there. He was accepted as a personal disciple by Jigmé Lingpa, from whom he received all the precious lineage transmissions. Practising under Jigmé Lingpa’s guidance, he obtained accomplishment and was recognized as one of the latter’s four supreme disciples. Following his master’s orders, he returned to Thawa Drak in Bumtang, Bhutan, where he established his residence. He then went on to Dungsam and built a monastery called Yongleg Gon. He was especially powerful in the practice of Vajrakilaya.",,,Aural,All lineages,Rigdzin Jigmé Lingpa,,,,,,
Jigmé Gyalwai Nyugu,jigs med rgyal ba'i myu gu,འཇིགས་མེད་རྒྱལ་བའི་མྱུ་གུ།,,1765-1843,1765,Source: Rigpa wiki,Student of Jigme Lingpa,,,Aural,All lineages,Rigdzin Jigmé Lingpa,,,,Treasury of Lives,https://treasuryoflives.org/biographies/view/Jigme-Gyelwai-Nyugu/0,
Paltrul Orgyen Jigmé Chokyi Wangpo,dpal sprul o rgyan 'jigs med chos kyi dbang po,དཔལ་སྤྲུལ་ཨོ་རྒྱན་འཇིགས་མེད་ཆོས་ཀྱི་དབང་པོ།,,1808-1887,1808,,Great master Patrul Rinpoche,,,Aural,All lineages,Jigmé Gyalwai Nyugu,,,,Treasury of Lives,https://treasuryoflives.org/biographies/view/Patrul-Orgyen-Jigme-Chokyi-Wangpo/4425,
Öpame Thekchok Dorje,od dpag med theg mchog rdo rje,འོད་དཔག་མེད་ཐེག་མཆོག་རྡོ་རྗེ།,,1895-1960,1895,,Master in modern lineage,,,Aural,All lineages,Jamyang Khyentsé Wangpo; Terchen Lerab Lingpa (Tertön Sogyal),,,,,,
Gyatrul Rinpoche,,,,1924-2023,1924,Source: Orgyen Dorje Den,Contemporary master,,,Aural,All lineages,Öpame Thekchok Dorje,,,,,,
Jigme Khyentse Rinpoche,jigs med mkhyen brtse rin po che,འཇིགས་མེད་མཁྱེན་བརྩེ་རིན་པོ་ཆེ།,,1963-,1964,Source: Khyentse Vision Project,Contemporary master,,,Aural,All lineages,Dilgo Khyentsé Rinpoche Rabsel Dawa,,,,,,
Sogyal Rinpoche,bsod rgyal rin po che,བསོད་རྒྱལ་རིན་པོ་ཆེ།,,1947-2019,1947,,Contemporary master,,,Aural,All lineages,Dilgo Khyentsé Rinpoche Rabsel Dawa,,,,,,
Khenchen Chabdal Lhundrup,mkhan chen khyab brdal lhun grub,མཁན་ཆེན་ཁྱབ་བརྡལ་ལྷུན་གྲུབ།,,1350-1420,1350,,,,,Aural,All lineages,Longchen Rabjampa,,,,,,
Gyalse Tulku Drakpa Ozer,rgyal sras sprul sku grags pa 'od zer,རྒྱལ་སྲས་སྤྲུལ་སྐུ་གྲགས་པ་འོད་ཟེར།,,1356-1409,1375,,14th-15th century master,,,Aural,All lineages,Khenchen Chabdal Lhundrup,,,,,,
Trulzhik Sang-gyé Önpo Sherab Gyatso,khrul zhig sangs rgyas dbon po shes rab rgya mtsho,འཁྲུལ་ཞིག་སངས་རྒྱས་དབོན་པོ་ཤེས་རབ་རྒྱ་མཚོ,,1410-1480,1410,,,,,Aural,All lineages,Gyalse Tulku Drakpa Ozer,,,,,,
Gyalse Dawa Drakpa,rgyal sras zla ba grags pa,རྒྱལ་སྲས་ཟླ་བ་གྲགས་པ།,,1440-1510,1440,,,,,Aural,All lineages,Trulzhik Sang-gyé Önpo Sherab Gyatso,,,,,,
Drupchen Kunzang Dorje,grub chen kun bzang rdo rje,གྲུབ་ཆེན་ཀུན་བཟང་རྡོ་རྗེ།,,1470-1540,1470,,,,,Aural,All lineages,Gyalse Dawa Drakpa,,,,,,
Chöjé Kunga Gyaltsen Palzang,chos rje kun dga' rgyal mtshan dpal bzang,ཆོས་རྗེ་ཀུན་དགའ་རྒྱལ་མཚན་དཔལ་བཟང།,,1497-1568,1497,,15th-16th century master,,,Aural,All lineages,Drupchen Kunzang Dorje,,,,,,
Tulku Natsok Rangdrol,sprul sku sna tshogs rang grol,སྤྲུལ་སྐུ་སྣ་ཚོགས་རང་གྲོལ།,,1494-1571,1525,,15th-16th century master,,,Aural,All lineages,Chöjé Kunga Gyaltsen Palzang,,,,,,
Khenpo Do-ngak Tendzin,mkhan po mdo ngag bstan 'dzin,མཁན་པོ་མདོ་ངག་བསྟན་འཛིན།,,1576-1628,1576,,16th-17th century master,,,Aural,All lineages,"2nd Pema Lingpa, Tendzin Chökyi Drakpa",,,,,,
Rigdzin Chenpo Trinlé Lhundrup,rig 'dzin chen po phrin las lhun grub,རིག་འཛིན་ཆེན་པོ་ཕྲིན་ལས་ལྷུན་གྲུབ།,,1611-1662,1611,,17th century master,,,Aural,All lineages,Khenpo Do-ngak Tendzin,Rigzin Gödem,,,,,
Terchen Gyurmé Dorjé,smin gling gter chen 'gyur med rdo rje,སྨིན་གླིང་གཏེར་ཆེན་འགྱུར་མེད་རྡོ་རྗེ།,,1646-1714,1646,Source: Rigpa Wiki,Terdak Lingpa - great treasure revealer,,,Aural,All lineages,Rigdzin Chenpo Trinlé Lhundrup,,,,,,
Kunzang Mingyur Paldron,rje btsun ma mi 'gyur dpal sgron,རྗེ་བཙུན་མ་མི་འགྱུར་དཔལ་སྒྲོན།,,1699-1769,1689,Source: Himalayan Art Resources,17th-18th century master,,,Aural,All lineages,Terchen Gyurmé Dorjé,,,,,,
Khenchen Oddiyyana,mkhan chen o rgyan,མཁན་ཆེན་ཨོ་རྒྱན།,,1742-1789,1742,,18th century master,,,Aural,All lineages,Kunzang Mingyur Paldron; Gyalse Rinchen Namgyal,,,,,,
Trichen Gyurme Trinle Namgyal,gyur med 'phrin las rnam rgyal,འགྱུར་མེད་འཕྲིན་ལས་རྣམ་རྒྱལ་,,1765-1812,1763,,18th-19th century master,,,Aural,All lineages,Khenchen Oddiyyana,,,,,,
Jetsunma Trinle Chodron,rje btsun 'phrin las chos sgron,རྗེ་བཙུན་ཕྲིན་ལས་ཆོས་སྒྲོན།,,1700s-1800s,1800,Source: Lotsawa House,18th-19th century female master,,,Aural,All lineages,Trichen Gyurme Trinle Namgyal; Ngak Rabjampa Orgyen Chodrak,,,,,,
Gyalse Rinchen Namgyal,rgyal sras rin chen rnam rgyal,རྒྱལ་སྲས་རིན་ཆེན་རྣམ་རྒྱལ།,,1694-1758,1700,,17th-18th century master,,,Aural,All lineages,Terchen Gyurmé Dorjé,,,,,,
Ngak Rabjampa Orgyen Chodrak,ngag rab 'byams pa o rgyan chos grags,ངག་རབ་འབྱམས་པ་ཨོ་རྒྱན་ཆོས་གྲགས།,,1676-?,1725,,17th century master,,,Aural,All lineages,Gyalse Rinchen Namgyal,,,,,,
Ngakyi Rabjampa Orgyen Palgön (Drupwang Shrinatha),ngag gi rab 'byams pa grub dbang dpal mgon,ངག་གི་རབ་འབྱམས་པ་གྲུབ་དབང་དཔལ་མགོན།,,1700s,1750,,18th century practitioner,,,Aural,All lineages,Ngak Rabjampa Orgyen Chodrak,,,,,,
Trehorpa Kyabgön Yeshe Gyaltsen,tre hor pa skyabs mgon ye shes rgyal mtshan,ཏྲེ་ཧོར་པ་སྐྱབས་མགོན་ཡེ་ཤེས་རྒྱལ་མཚན།,,1800s,1800,,18th-19th century master,,,Aural,All lineages,"1st Dodrupchen, Jigmé Trinlé Özer",,,,,,
Chönyön Dharma Seng-gé,khams smyon dharma seng ge,ཁམས་སྨྱོན་དྷརྨ་སེང་གེ།,,1800s,1830,,19th century master,,,Aural,All lineages,Trehorpa Kyabgön Yeshe Gyaltsen,,,,,,
Chogyal Ngagi Wangpo,chos rgyal ngag gi dbang po,ཆོས་རྒྱལ་ངག་གི་དབང་པོ།,,1736-1807,1736,,18th-19th century master,,,Aural,All lineages,"1st Dodrupchen, Jigmé Trinlé Özer",,,,,,
Zhabkar Tsokdruk Rangdrol,zhabs dkar tshogs drug rang grol,ཞབས་དཀར་ཚོགས་དྲུག་རང་གྲོལ།,,1781-1851,1781,,18th-19th century master,,,Aural,All lineages,Chogyal Ngagi Wangpo,,,,Treasury of Lives,https://treasuryoflives.org/biographies/view/Zhabkar-Tsokdruk-Rangdrol-/4611,
Kyabgön Pema Gyatso,skyabs mgon pad+ma rgya mtsho,སྐྱབས་མགོན་པདྨ་རྒྱ་མཚོ།,,1800s,1850,,19th century master,,,Aural,All lineages,Zhabkar Tsokdruk Rangdrol,,,,,,
Dakki Chönyi Zangmo,lo chen chos nyid bzang mo,"ལོ་ཆེན་ཆོས་ཉིད་བཟང་མོ་,",,1865-1953,1875,Source: Rigpa Wiki,19th-20th century master,,,Aural,All lineages,Kyabgön Pema Gyatso; Chönyön Dharma Seng-gé,,,,,,
Zhadeu Trulzhik Chenpo Ngawang Chökyi Lodro,‘khrul zhig ngag dbang chos kyi blo gros,འཁྲུལ་ཞིག་ངག་དབང་ཆོས་ཀྱི་བློ་གྲོས།,,1924-2011,1924,,Student of Dakki Chönyi Zangmo,,,Aural,All lineages,Dakki Chönyi Zangmo,,,,,,
Lotsawa Chöpal Gyatso (Lochen Dharma Shri),"ngag dbang chos dpal rgya mtsho, lo chen d+harma shrI",ངག་དབང་ཆོས་དཔལ་རྒྱ་མཚོ། ལོ་ཆེན་དྷརྨ་ཤྲཱི།,,1654-1718,1675,Source: Rigpa Wiki,17th-18th century translator,,,Aural,All lineages,Terchen Gyurmé Dorjé,,,,BDRC,https://library.bdrc.io/show/bdr:P667?,
Riksé Choktrul Pema Gyurmé Gyatso,pad+ma 'gyur med rgya mtsho,པདྨ་འགྱུར་མེད་རྒྱ་མཚོ་,,1686-1718,1686,,"17th-18th century master. One of the four sons of Minling Terchen Gyurmé Dorjé aka Terdak Lingpa, and one of Jetsün Mingyur Paldrön's stepbrothers. One of his teachers was Zurchen Chöying Rangdrol.",,,Aural,All lineages,Terchen Gyurmé Dorjé,,,,,,
Katokpa Gyalse Rinpoche Sonam Detsen,kaH thog rgyal sras bsod nams lde'u btsan,ཀཿ་ཐོག་རྒྱལ་སྲས་བསོད་ནམས་ལྡེའུ་བཙན།,,1675-1723,1675,Source: Treasury of Lives via HAR,"17th-18th century master. He was the son of Longsal Nyingpo and the immediate reincarnation of Rigdzin Düddul Dorje. He and his father were renowned nyingma masters, and both played a critical role in re-strengthening the Katok Monastery lineage and its monastery. Katok Gyalse Sönam Deutsen had a son called Japhur Lama, who travelled to and settled in Pemakö, and whose next incarnation was Khengen Tulku, Dudjom Rinpoche's father. Drimé Shyingkyong Gönpo (dri med zhing skyong mgon po) has been recognized as a reincarnation of Katok Gyalse Sönam Deutsen.",,,Aural,All lineages,Terchen Gyurmé Dorjé,,,,Treasury of Lives,https://treasuryoflives.org/biographies/view/Gyelse-Sonam-Deutsen/8539,
"2nd Dzogchen Rinpoche, Gyurmé Tekchok Tendzin",‘gyur med theg mchog bstan ‘dzin,འགྱུར་མེད་ཐེག་མཆོག་བསྟན་འཛིན།,,1699-1758,1699,,17th-18th century master,,,Aural,All lineages,Terchen Gyurmé Dorjé,,,,Treasury of Lives,https://treasuryoflives.org/biographies/view/Dzogchen-Drubwang-02-Gyurme-Tekchok-Tendzin/9383་,
Barchung Lama Tashi Gyatso,bar chung bla ma bkra shis rgya mtsho,འབར་ཆུང་བླ་མ་བཀྲ་ཤིས་རྒྱ་མཚོ།,,1750s,1750,,18th century master,,,Aural,All lineages,"2nd Dzogchen Rinpoche, Gyurmé Tekchok Tendzin",,,,,,
Khedrup Delek Gyatso,mkhas grub bde legs rgya mtsho,མཁས་གྲུབ་བདེ་ལེགས་རྒྱ་མཚོ།,,1300-1400,1375,,14th century student of Longchen Rabjampa,,,Aural,All lineages,Longchen Rabjampa; Takok Jadral Chöjé Tashi Jungne,,,,,,
Takok Jadral Chöjé Tashi Jungné,bya bral chos rje bkra shis byung gnas,བྱ་བྲལ་ཆོས་རྗེ་བཀྲ་ཤིས་བྱུང་གནས།,,1350-1450 (approx.),1350,,"14th-15th century master,་ student of Longchen Rabjampa",,,Aural,All lineages,Khedrup Delek Gyatso,,,,,,
Guru Zhenpen,gu ru gzhan phan,གུ་རུ་གཞན་ཕན།,,1350-1450 (approx.),1400,,14th-15th century master,,,Aural,All lineages,Takok Jadral Chöjé Tashi Jungné; Namkha Dorje,,,,,,
Namkha Dorjé,nam mkha' rdo rje,ནམ་མཁའ་རྡོ་རྗེ།,,1400s,1425,,15th century master,,,Aural,All lineages,Guru Zhenpen; Ösel Longyang,,,,,,
Ösel Longyang,od gsal klong dbyangs,འོད་གསལ་ཀློང་དབྱངས།,,1450-1550 (approx.),1450,,15th-16th century master,,,Aural,All lineages,Namkha Dorjé,,,,,,
Dzogchenpa Sönam Rigdzin,rdzogs chen pa bsod nams rig 'dzin,རྫོགས་ཆེན་པ་བསོད་ནམས་རིག་འཛིན,,1450-1550 (approx.),1480,,15th-16th century master,,,Aural,All lineages,Ösel Longyang,,,,,,
Kunchen Ngawang Pema,kun chen ngag dbang pad+ma,ཀུན་ཆེན་ངག་དབང་པདྨ།,,1500s,1520,,16th century master,,,Aural,All lineages,Dzogchenpa Sönam Rigdzin,,,,,,
Dzogchenpa Sönam Wangpo,rdzogs chen pa bsod nams dbang po,རྫོགས་ཆེན་པ་བསོད་ནམས་དབང་པོ།,,1550?-1625,1550,,16th-17th century master,,,Aural,All lineages,Kunchen Ngawang Pema,,,,,,
Lhatsün Namkha Jigmé,lha btsun nam mkha' 'jigs med,ལྷ་བཙུན་ནམ་མཁའ་འཇིགས་མེད།,,1597-1652,1597,Source: Rigpa Wiki,17th century master,,,Aural,All lineages,Dzogchenpa Sönam Wangpo,,,,BDRC,https://library.bdrc.io/show/bdr:P1691?,
Dzogchenpa Longdzok Tadral,rdzogs chen pa klong rdzogs mtha' bral,རྫོགས་ཆེན་པ་བསོད་ནམས་དབང་པོ།,,1600s,1620,,17th century master,,,Aural,All lineages,Lhatsün Namkha Jigmé,,,,,,
Rigdzin Jigmé Lingpa,jigs med gling pa,འཇིགས་མེད་གླིང་པ།,,1730-1798,1730,Source: Rigpa Wiki,Great treasure revealer,,,Aural,All lineages,Longchen Rabjampa; Ngakyi Rabjampa Orgyen Palgön (Drupwang Shrinatha),,,,Treasury of Lives,https://treasuryoflives.org/biographies/view/Jigme-Lingpa/5457,
"1st Dodrupchen, Jigmé Trinlé Özer",‘jigs med phrin las ‘od zer,རྡོ་གྲུབ་ཆེན ༠༡ འཇིགས་མེད་ཕྲིན་ལས་འོད་ཟེར།,,1745-1821,1745,Source: Rigpa Wiki,First Dodrupchen,,,Aural,All lineages,Rigdzin Jigmé Lingpa,,,,Treasury of Lives,https://treasuryoflives.org/biographies/view/Dodrubchen-01-Jigme-Trinle-Ozer/4676,
"2nd Dodrupchen, Jigmé Phuntsok Jungné",jigs med phun tshigs 'byung gnas,རྡོ་གྲུབ་ཆེན ༠༢ འཇིགས་མེད་ཕུན་ཚོགས་འབྱུང་གནས།,,1824-1863,1824,,Second Dodrupchen,,,Aural,All lineages,"1st Dodrupchen, Jigmé Trinlé Özer","1st Dodrupchen, Jigmé Trinlé Özer",,,Treasury of Lives,https://treasuryoflives.org/biographies/view/Dodrubchen-02-Jigme-Puntsog-Jungne/4272,
"3rd Dodrupchen, Jigmé Tenpai Nyima",jigs med bstan pa'i nyi ma,རྡོ་གྲུབ་ཆེན ༠༣ འཇིགས་མེད་བསྟན་པའི་ཉི་མ།,,1865-1926,1865,,Third Dodrupchen,,,Aural,All lineages,"2nd Dodrupchen, Jigmé Phuntsok Jungné","2nd Dodrupchen, Jigmé Phuntsok Jungné",,,Treasury of Lives,https://treasuryoflives.org/biographies/view/Dodrubchen-03-Jigme-Tenpai-Nyima/4185,
"4th Dodrupchen, Jigmé Trinlé Palbar",jigs med phrin las dpal 'bar,རྡོ་གྲུབ་ཆེན ༠༤ འཇིགས་མེད་ཕྲིན་ལས་དཔལ་འབར།,,1927-2022,1927,Source: Rigpa Wiki,Fourth Dodrupchen,,,Aural,All lineages,"3rd Dodrupchen, Jigmé Tenpai Nyima","3rd Dodrupchen, Jigmé Tenpai Nyima",,,BDRC,https://library.bdrc.io/show/bdr:P2562?,
Du Khyentsé Yeshé Dorjé,mdo mkhyen brtse ye shes rdo rje,མདོ་མཁྱེན་བརྩེ་ཡེ་ཤེས་རྡོ་རྗེ།,,1800-1866,1800,,Great master,,,Aural,All lineages,"1st Dodrupchen, Jigmé Trinlé Özer",,,,Treasury of Lives,https://treasuryoflives.org/biographies/view/Do-Khyentse-Yeshe-Dorje/9612་,
"4th Dzogchen Rinpoche, Mingyur Namkhai Dorjé",mi 'gyur nam mkha'i rdo rje,མི་འགྱུར་ནམ་མཁའི་རྡོ་རྗེ།,,1793-1850,1793,,"An extraordinary master who was the teacher of some of the greatest lamas of the last century, such as Jamyang Khyentse Wangpo, Do Khyentse, Patrul Rinpoche and Mipham Rinpoche. He reached the state of realization of Dzogpachenpo called chö nyi zé sa, ‘the wearing out of phenomenal reality’ (the fourth vision of tögal practice), and had completely transcended all worldly concerns and conventional norms. (From Rigpa)",,,Aural,All lineages,"Du Khyentsé Yeshé Dorjé; 1st Dodrupchen, Jigmé Trinlé Özer",,,,Treasury of Lives,https://treasuryoflives.org/biographies/view/Dzogchen-Drubwang-04-Mingyur-Namkai-Dorje/3020,
Gemang Gyalse Rigpai Dorjé (Gyalse Zhenpen Tayé Özer),rgyal sras gzhan phan mtha' yas,རྒྱལ་སྲས་གཞན་ཕན་མཐའ་ཡས།,,1800-1869/70,1800,Source: Rigpa Wiki,"Gyalsé Shenpen Tayé was an incarnation of Minling Terchen Gyurmé Dorjé (1646-1714). He followed many great Sarma and Nyingma masters of the Rimé movement, especially the first Dodrupchen Rinpoche Changchup Dorjé (aka Jikmé Trinlé Özer) (1745-1821), Jikmé Gyalwé Nyugu (1765-1843), the Fourth Dzogchen Rinpoche Mingyur Namkhé Dorjé (1793–1870), Sengtruk Pema Tashi, Minling Trichen[3] and Minling Khen Rinpoche. His collected works include a commentary on the Guhyagarbha Tantra entitled The Heart Essence of Samantabhadra (ཀུན་བཟང་ཐུགས་ཀྱི་ཏི་ཀ་, kun bzang thugs kyi ti ka). His personal students included Jikmé Gyalwé Nyugu and all three incarnations of Jikmé Lingpa—Patrul Rinpoche, Do Khyentse Yeshe Dorje and Jamyang Khyentse Wangpo—as well as Shechen Öntrul Thutob Namgyal, Minling Trichen Sangye Kunga and the great Dzogchen Khenpo Pema Dorje. (Rigpa Wiki)",,,Aural,All lineages,"Barchung Lama Tashi Gyatso; 1st Dodrupchen, Jigmé Trinlé Özer",Terchen Gyurmé Dorjé,TRUE,,Treasury of Lives,https://treasuryoflives.org/biographies/view/Gyelse-Zhenpen-Taye-Ozer/9601,
Chöying Tobden Dorjé,chos dbyings stobs ldan rdo rje,ཆོས་དབྱིངས་སྟོབས་ལྡན་རྡོ་རྗེ།,,1785-1848,1785,,Student of 1st Dodrupchen,,,Aural,All lineages,"1st Dodrupchen, Jigmé Trinlé Özer",,,,,,
Choklung Repa Damtsik Dorje,khyung lung ras pa dam tshig rdo rje,ཁྱུང་ལུང་རས་པ་དམ་ཚིག་རྡོ་རྗེ།,,1700s-1800s,1780,,Student of 1st Dodrupchen,,,Aural,All lineages,"1st Dodrupchen, Jigmé Trinlé Özer",,,,,,
1st Katok Situ,kaḥ thog si tu chos kyi seng+ge,ཀཿ་ཐོག་སི་ཏུ་ཆོས་ཀྱི་སེངྒེ།,,1775?-1819?,1800,,"First Kathok Situ Rinpoche, received Longchen Nyingtik teachings from Jigmé Lingpa and Jigmé Trinlé Özer",,,Aural,All lineages,Rigdzin Jigmé Lingpa,,,,,,
Jamgön Kongtrul Yönten Gyatso Lodrö Tayé,‘jam mgon kong sprul blo gros mtha’ yas,འཇམ་མགོན་ཀོང་སྤྲུལ་བློ་གྲོས་མཐའ་ཡ།,,1813-1899,1813,Source: Rigpa Wiki,"Great Rime master, student of Jamyang Khyentse Wangpo",,,Aural,All lineages,Jamyang Khyentsé Wangpo,,,,,,
Nyoshul Lungtok Tenpai Nyima Gyaltsen Palzangpo,smyo shul lung rtogs bstan pa'i nyi ma rgyal mtshan dpal bzang po,སྨྱོ་ཤུལ་ལུང་རྟོགས་བསྟན་པའི་ཉི་མ་རྒྱལ་མཚན་དཔལ་བཟང་པོ།,,1829-1901,1829,,Student of Paltrul Orgyen Jigmé Chokyi Wangpo.,,,Aural,All lineages,Paltrul Orgyen Jigmé Chokyi Wangpo; Khen Rinpoché Dorjé Dzupa Tohden; Khenchen Ngawang Palzangpo; Lama Ngakchen; Terchen Lerab Lingpa,,,,BDRC,https://library.bdrc.io/show/bdr:P5999?,
Tendzin Drakpa,bstan 'dzin grags pa,བསྟན་འཛིན་གྲགས་པ།,,1800-1900 (approx),1800,,19th century student of Paltrul,,,Aural,All lineages,Paltrul Orgyen Jigmé Chokyi Wangpo,,,,,,
"2nd Katok Situ, Chökyi Lodrö",chos kyi blo gros,ཆོས་ཀྱི་བློ་གྲོས།,,1820-1879,1820,,Student of Paltrul Orgyen Jigmé Chokyi Wangpo and Zhechen Öntrul Gyurme Tutop Namgyal. Teacher to Adzom Drukpa Drodul Pawo Dorje and The Fourth Shechen Gyaltsap Gyurme Pema Namgyal.,,,Aural,All lineages,Paltrul Orgyen Jigmé Chokyi Wangpo,1st Katok Situ,,,BDRC,https://library.bdrc.io/show/bdr:P5994?,
Minyak Kunzang Sönam,mi nyag kun bzang bsod nams,མི་ཉག་ཀུན་བཟང་བསོད་ནམས།,,1823-1905,1850,,19th-20th century student of Paltrul,,,Aural,All lineages,Paltrul Orgyen Jigmé Chokyi Wangpo,,,,,,
Dzogchen Khenchen Pema Dorje,mkhan chen pad+ma ba+z+ra,མཁན་ཆེན་པདྨ་བཛྲ།,,1867-1935,1867,,Student of Paltrul Orgyen Jigmé Chokyi Wangpo,,,Aural,All lineages,Paltrul Orgyen Jigmé Chokyi Wangpo,,,,,,
Golok Lang Lama Tupten Chokyi Jorpa,bla ma thub bstan chos kyi 'byor pa,བླ་མ་ཐུབ་བསྟན་ཆོས་ཀྱི་འབྱོར་པ།,,1850-1950 (approx),1850,,19th-20th century student of Paltrul,,,Aural,All lineages,Paltrul Orgyen Jigmé Chokyi Wangpo,,,,,,
Khenchen Yönten Gyatso,mkhan chen yon tan rgya mtsho,མཁན་ཆེན་ཡོན་ཏན་རྒྱ་མཚོ།,,1850-1950s (approx),1850,,"19th-20th century student of Paltrul Rinpoche and Orgyen Tendzin Norbu. He belonged to Gemang Monastery, a branch of Dzogchen Monastery, and studied at Dzogchen and Shechen monasteries. He wrote a very popular two-part commentary on Rigdzin Jigmé Lingpa's Treasury of Precious Qualities, called Lamp of Moonlight and Rays of Sunlight, or simply Great Commentary (Wyl. zla ba’i ’sgron me). He also wrote an important commentary to Ngari Panchen's Ascertainment of the Three Types of Vows, the Awareness Holders’ Entrance. Among his students were Changma Khenchen Thubten Chöpel (the teacher of Dilgo Khyentse Rinpoche and Khenpo Jikmé Phuntsok) and Khenchen Tsewang Rigdzin of Washul Mewa (who attained the rainbow body). (Rigpa Wiki).",,,Aural,All lineages,Paltrul Orgyen Jigmé Chokyi Wangpo,,,,,,
Khenchen Kunzang Palden Chodrak,mkhan po kun bzang dpal ldan,མཁན་པོ་ཀུན་བཟང་དཔལ་ལྡན།,,1862-1943,1872,,Student of Paltrul Orgyen Jigmé Chokyi Wangpo.,,,Aural,All lineages,Paltrul Orgyen Jigmé Chokyi Wangpo,,,,Treasury of Lives,https://treasuryoflives.org/biographies/view/Kunzang-Pelden/9593,
Orgyen Tendzin Norbu,o rgyan bstan 'dzin nor bu,ཨོ་རྒྱན་བསྟན་འཛིན་ནོར་བུ།,,1827-1888,1827,,Student of Paltrul Orgyen Jigmé Chokyi Wangpo and the nephew of Gyalsé Shenpen Tayé. His disciples included Khenpo Shenga and Khenpo Yönga.,,,Aural,All lineages,Paltrul Orgyen Jigmé Chokyi Wangpo,,,,Treasury of Lives,https://treasuryoflives.org/biographies/view/Orgyen-Tendzin-Norbu/7551,
Khen Rinpoché Dorjé Dzinpa Tobden (Tubten Gyaltsen Özer),mkhan chen thub bstan rgyal mtshan 'od zer,མཁན་ཆེན་ཐུབ་བསྟན་རྒྱལ་མཚན་འོད་ཟེར།,,1862-?,1862,,19th-20th century student of Nyoshul Lungtok,,,Aural,All lineages,Nyoshul Lungtok Tenpai Nyima Gyaltsen Palzangpo,,,,Treasury of Lives,https://treasuryoflives.org/biographies/view/Tubten-Gyeltsen-Ozer/8624,
Naktar Tulku Sonam Chokdrup,sprul sku bsod nams mchog grub,སྤྲུལ་སྐུ་བསོད་ནམས་མཆོག་གྲུབ།,,1850-1950 (approx),1850,,19th-20th century student of Nyoshul Lungtok,,,Aural,All lineages,Nyoshul Lungtok Tenpai Nyima Gyaltsen Palzangpo,,,,,,
Lhazang Lama Rigdzin,lha bzang bla ma rig 'dzin,ལྷ་བཟང་བླ་མ་རིག་འཛིན།,,1850-1950 (approx),1850,,19th-20th century student of Nyoshul Lungtok,,,Aural,All lineages,Nyoshul Lungtok Tenpai Nyima Gyaltsen Palzangpo,,,,,,
Khenchen Ngawang Palzangpo (Khenpo Ngaga),mkhan po ngag dbang dpal bzang,མཁན་པོ་ངག་དབང་དཔལ་བཟང།,,1879-1941,1879,Source: Rigpa Wiki,Student of Nyoshul Lungtok,,,Aural,All lineages,Nyoshul Lungtok Tenpai Nyima Gyaltsen Palzangpo; Khenchen Ngawang Palzangpo; 2nd Palyul Drupwang Pema Norbu; Zhenga Dorjé Chang Zhenpen Chökyi Nangwa,,,,,,
Sa-ngen Lama Wangchen,sa ngan bla ma dbang chen,ས་ངན་བླ་མ་དབང་ཆེན།,,1850-1950 (approx),1850,,19th-20th century student of Nyoshul Lungtok,,,Aural,All lineages,Nyoshul Lungtok Tenpai Nyima Gyaltsen Palzangpo,,,,,,
Lama Ngakchen (Orgyen Tutop Lingpa),bla ma sngags chen o rgyan mthu stobs gling pa,བླ་མ་སྔགས་ཆེན་ཨོ་རྒྱན་མཐུ་སྟོབས་གླིང་པ།,,1858-1914,1858,,Student of Nyoshul Lungtok,,,Aural,All lineages,Nyoshul Lungtok Tenpai Nyima Gyaltsen Palzangpo,,,,,,
Terchen Lerab Lingpa (Tertön Sogyal),gter ston bsod rgyal las rab gling pa,གཏེར་སྟོན་བསོད་རྒྱལ་ལས་རབ་གླིང་པ།,,1856-1926,1856,Source: Rigpa Wiki,"Student of Nyoshul Lungtok. He was a prolific tertön and a teacher of the Thirteenth Dalai Lama. Some of his more important revelations were: Daki Mengak Gabtik, Tendrel Nyesel, Yang Nying Pudri, Yang Sang Tröpa, and Yang Zab Nyingpo.",,,Aural,All lineages,Nyoshul Lungtok Tenpai Nyima Gyaltsen Palzangpo,,,,Treasury of Lives,https://treasuryoflives.org/biographies/view/Lerab%20Lingpa/8538,
Khen Ngawang Palzang Yangsi Rinpoché (Tekchok Tenpai Gyaltsen),ngag dbang dpal bzang yang srid,ངག་དབང་དཔལ་བཟང་ཡང་སྲིད།,,1944-,1944,,"Contemporary master, one of the reincarnations of Khenpo Ngakchung.",,,Aural,All lineages,Lungtrul Shedrup Tenpai Nyima,Khenchen Ngawang Palzangpo (Khenpo Ngaga),,,,,
Changma Khenchen Tupten Chöpel,lcang ma mkhan chen thub bstan chos 'phel,ལྕང་མ་མཁན་ཆེན་ཐུབ་བསྟན་ཆོས་འཕེལ།,,1886-1956,1886,Source: Rigpa Wiki,"Student of Khenchen Yönten Gyatso. He was renowned for his great scholarship, especially in relation to the Guhyagarbha Tantra, his contribution to the flourishing of the monastic tradition, and his realization of the Dzogchen teachings. Some of his most important students were: Dilgo Khyentse Rinpoche, Khenpo Jikmé Phuntsok, Gonpo Tseten Rinpoche, Chagdud Tulku Rinpoche and the Sixth Dzogchen Rinpoche, Jikdral Changchub Dorje. (Rigpa Wiki).",,,Aural,All lineages,Khenchen Yönten Gyatso,,,,BDRC,https://library.bdrc.io/show/bdr:P6957?,
Washul Mewai Khenchen Tsewang Rigdzin,mkhan chen tshe dbang rig 'dzin,མཁན་ཆེན་ཚེ་དབང་རིག་འཛིན།,,1883-1958,1883,Source: Rigpa Wiki,"Student of Khenchen Yönten Gyatso, who attained rainbow body. He also studied with Lala Sönam Chödrup, Khenpo Shenga and many other great masters of his time. One of his principal disciples was his nephew Mewa Khenpo Tupten Özer. (Rigpa Wiki).",,,Aural,All lineages,Khenchen Yönten Gyatso,,,,,,
Bötrul Do-ngak Tenpai Nyima,bod sprul mdo sngags bstan pa'i nyi ma,བོད་སྤྲུལ་མདོ་སྔགས་བསྟན་པའི་ཉི་མ།,,1898-1959,1900,,Student of Khenchen Kunzang Palden Chodrak,,,Aural,All lineages,Khenchen Kunzang Palden Chodrak,,,,Treasury of Lives,https://treasuryoflives.org/biographies/view/Botrul-Dongak-Tenpai-Nyima/10093,
Mewa Khenchen Tupten,me ba mkhan po thub bstan 'od zer,རྨེ་བ་མཁན་པོ་ཐུབ་བསྟན་འོད་ཟེར།,,1928-2000,1928,Source: Rigpa Wiki,"20th century student of Bötrul Do-ngak Tenpai Nyima. He was born in Mewa in Nyarong in Eastern Tibet. His father was Tsering Wangchuk and his mother was called Lhakyi. At the age of seven he entered Mewa monastery and received ordination from Khenpo Yeshe Dargye and was given the name Tupten Özer. He received teachings from his paternal uncle, Khenchen Tsewang Rigdzin, who attained the rainbow body, and from his maternal uncle, Khenpo Sonam Nyima, as well as from Khenpo Tubga of Changma hermitage, and in particular from his main teacher, Pöpa Tulku. He arrived in India in 1959, and in 1964 he took up residence in Manali, in Himachal Pradesh, in a place called Pagan. There he spent many years in retreat and taught extensively. His students include Dzogchen Rinpoche and Khenpo Könchok Mönlam. (Rigpa Wiki).",,,Aural,All lineages,Bötrul Do-ngak Tenpai Nyima,,,,BDRC,https://library.bdrc.io/show/bdr:P3JM131?,
Rahor Khenchen Tupten,ra hor mkhan thub bstan rin po che,ར་ཧོར་མཁན་ཐུབ་བསྟན་རིན་པོ་ཆེ།,,1931-2010,1931,Source: Rigpa Wiki,"20th century student of Bötrul Do-ngak Tenpai Nyima. He was from Rahor, a branch of Dzogchen monastery founded by the Third Dzogchen Rinpoche in Gyalrong near Dergé. He was a student of Pöpa Tulku. He escaped from Tibet together with his former classmate Khenpo Dazer and went together with him to Sikkim via Bhutan. (Rigpa Wiki)",,,Aural,All lineages,Bötrul Do-ngak Tenpai Nyima,,,,Treasury of Lives,https://treasuryoflives.org/biographies/view/Rahor-Khan-Rinpoche-Thupten/13895,
Khen Rinpoché Pema Tsewang Lhundrup (Khenpo Petsé),mkhan po pad tshe rin po che,མཁན་པོ་པད་ཚེ་རིན་པོ་ཆེ།,,1931-2002,1931,Source: Rigpa Wiki,Renowned 20th-century Nyingma scholar and lineage holder student of Bötrul Do-ngak Tenpai Nyima,,,Aural,All lineages,Bötrul Do-ngak Tenpai Nyima,,,,BDRC,https://library.bdrc.io/show/bdr:P9514?,
Khen Chökhyap,mkhan po chos khyab,མཁན་པོ་ཆོས་ཁྱབ།,,1920-1997,1920,Source: Rigpa Wiki,Student of Bötrul Do-ngak Tenpai Nyima,,,Aural,All lineages,Bötrul Do-ngak Tenpai Nyima,,,,,,
Pema Gyaltsen,pad+ma rgyal mtshan,པདྨ་རྒྱལ་མཚན།,,1850-1950 (approx),1880,,19th-20th century student of Terchen Lerab Lingpa,,,Aural,All lineages,Terchen Lerab Lingpa (Tertön Sogyal),,,,,,
Dretsé Tulku,,,,1850-1950 (approx),1880,,19th-20th century student of Terchen Lerab Lingpa,,,Aural,All lineages,Terchen Lerab Lingpa (Tertön Sogyal),,,,,,
Sungtrul Kunzang Nyima,rdzong gter kun bzang nyi ma,རྫོང་གཏེར་ཀུན་བཟང་ཉི་མ།,,1904?-1958?,1904,Source: Rigpa Wiki,Student of Terchen Lerab Lingpa,,,Aural,All lineages,Terchen Lerab Lingpa (Tertön Sogyal),,,,BDRC,https://library.bdrc.io/show/bdr:P6610?,
"2nd Palyul Drupwang Pema Norbu, Rigdzin Kunzang Shedrupa",grub dbang pad+ma nor bu,གྲུབ་དབང་པདྨ་ནོར་བུ།,,1887-1932,1887,Source: Palyul International,Student of Khenchen Ngawang Palzangpo,,,Aural,All lineages,Khenchen Ngawang Palzangpo (Khenpo Ngaga),,,,,,
Bairo Rinpoché,gzhi chen bai ro rin po che,གཞི་ཆེན་བཻ་རོ་རིན་པོ་ཆེ།,,1933-2017,1933,"Source: Rigpa Wiki, courtesy of drugpa.org","20th century student of Khenchen Ngawang Palzangpo. He was recognized by Jamyang Khyentse Chökyi Lodrö as the thirty-sixth incarnation of the lotsawa Vairotsana. He was an important holder of the Katok lineage. His main seat, Shyichen Monastery in Golok, is one of the major branches of Katok Dorje Den Monastery in eastern Tibet. Shyichen Monastery has its own group of over twenty branch monasteries throughout the region. Bairo Rinpoche's older brother was Katok Moktsa Rinpoche. Bairo Rinpoche received the Nyingtik Yabshyi and other cycles of the secret Nyingtik teachings from Khenpo Ngawang Palzang. (Rigpa Wiki).",,,Aural,All lineages,Khenchen Ngawang Palzangpo (Khenpo Ngaga),,,,,,
Katok Chaktsa Rinpoché,ka:thog phyag tsha rin po che,ཀ༔ཐོག་ཕྱག་ཚ་རིན་པོ་ཆེ།,,19th-20th centuries,1880,,19th-20th century student of Khenchen Ngawang Palzangpo,,,Aural,All lineages,Khenchen Ngawang Palzangpo (Khenpo Ngaga),,,,,,
Tromgé Choktrul Arik Rinpoché,khrom dge a rig rin po che,ཁྲོམ་དགེ་ཨ་རིག་རིན་པོ་ཆེ།,,1905-1988,1905,"Source: Rigpa Wiki, courtesy of Matthew Pistono",Student of Khenchen Ngawang Palzangpo,,,Aural,All lineages,Khenchen Ngawang Palzangpo (Khenpo Ngaga),,,,BDRC,https://library.bdrc.io/show/bdr:P3JM55?,
Khen Rinpoché Lekshé Jorden,mkhan po legs bshad 'byor ldan,མཁན་པོ་ལེགས་བཤད་འབྱོར་ལྡན།,,1900-2000 (approx),1900,Source: Rigpa Wiki,20th century student of Khenchen Ngawang Palzangpo,,,Aural,All lineages,Khenchen Ngawang Palzangpo (Khenpo Ngaga),,,,BDRC,https://library.bdrc.io/show/bdr:P2KG235388?,
Khenchen Nuden Khyentsei Lodrö,mkhan po nus ldan,མཁན་པོ་ནུས་ལྡན།,,1900-2000 (approx),1900,,20th century student of Khenchen Ngawang Palzangpo,,,Aural,All lineages,Khenchen Ngawang Palzangpo (Khenpo Ngaga),,,,BDRC,https://library.bdrc.io/show/bdr:P2370?,
Khenchen Yizhin Norbu Tupten Gyaltsen Özer,mkhan chen thub bstan 'od zer,མཁན་ཆེན་ཐུབ་བསྟན་འོད་ཟེར།,,1900-2000 (approx),1880,,19th-20th century student of Khenchen Ngawang Palzangpo,,,Aural,All lineages,Khenchen Ngawang Palzangpo (Khenpo Ngaga),,,,,,
Golok Khenchen Munsel,mkhan po mun sel,མཁན་པོ་མུན་སེལ།,,1916-1993,1916,"Source: Rigpa Wiki, courtesy of Matthew Pistono",Student of Khenchen Ngawang Palzangpo,,,Aural,All lineages,Khenchen Ngawang Palzangpo (Khenpo Ngaga),,,,Treasury of Lives,https://treasuryoflives.org/biographies/view/Khenpo-Munsel/9929,
Golok Lama Garchö,bla ma mgar chos,བླ་མ་མགར་ཆོས།,,1900-2000 (approx),1900,,20th century student of Khenchen Ngawang Palzangpo,,,Aural,All lineages,Khenchen Ngawang Palzangpo (Khenpo Ngaga),,,,,,
Choktrul Orgyen Chemchok,mchog sprul o rgyan che mchog,མཆོག་སྤྲུལ་ཨོ་རྒྱན་ཆེ་མཆོག།,,1915-2000,1915,,"Student of Khenchen Ngawang Palzangpo, and of Dudjom Rinpoche who taught secretly the Dzogchen pith instructions to students while in prison for twenty years. (Rigpa Wiki)",,,Aural,All lineages,Khenchen Ngawang Palzangpo (Khenpo Ngaga); Choktrul Sang-ngak Tendzin,,,,BDRC,https://library.bdrc.io/show/bdr:P3JM63?,
Trakya Lama Rinpoché Palden,khra skya bla ma rin po che dpal ldan,ཁྲ་སྐྱ་བླ་མ་རིན་པོ་ཆེ་དཔལ་ལྡན།,,1910?-1990?,1910,,Student of Khenchen Ngawang Palzangpo,,,Aural,All lineages,Khenchen Ngawang Palzangpo (Khenpo Ngaga),,,,,,
Polu Khen Rinpoché Dorjé,spo lu mkhan po rdo rje,སྤོ་ལུ་མཁན་པོ་རྡོ་རྗེ།,,1896-1970,1897,Source: Rigpa Wiki,Student of Khenchen Ngawang Palzangpo,,,Aural,All lineages,Khenchen Ngawang Palzangpo (Khenpo Ngaga),,,,,,
Taklung Tsetrul Rinpoché,stag lung rtse sprul bshad sgrub phrin las nyin byed bzang po,སྟག་ལུང་རྩེ་སྤྲུལ་བཤད་སྒྲུབ་ཕྲིན་ལས་ཉིན་བྱེད་བཟང་པ།,,1926-2015,1926,Source: shechen.org,"Student of Khenchen Ngawang Palzangpo, was appointed head of the Nyingma in 2012. He received the highest Dzogchen teachings from Polu Khen Rinpoché Dorjé.",,,Aural,All lineages,Khenchen Ngawang Palzangpo (Khenpo Ngaga),,,,,,
Chatral Rinpoché Sanjé Dorjé,bya bral sangs rgyas rdo rje,བྱ་བྲལ་སངས་རྒྱས་རྡོ་རྗེ།,,1913-2015,1913,"Source: Rigpa Wiki, courtesy of Carol Shlenger","Student of Khenchen Ngawang Palzangpo. Chatral Rinpoche also studied with some of the last century's most renowned masters, including Dudjom Rinpoche, Jamyang Khyentse Chökyi Lodrö, and the famed dakini, Sera Khandro. Rinpoche was one of the primary lineage holders of the Longchen Nyingtik, and in particular the lineage that descends through Jigme Lingpa's heart son Jikmé Gyalwé Nyugu and then on to Patrul Rinpoche. Though his main lineage is the Longchen Nyingtik, Chatral Rinpoche was also closely associated with the Dudjom Tersar lineage. He was empowered as the regent of Kyabjé Dudjom Rinpoche and passed on this lineage to this master's reincarnation, who lives primarily in central Tibet. (Rigpa Wiki).",,,Aural,All lineages,Khenchen Ngawang Palzangpo (Khenpo Ngaga),,,,BDRC,https://library.bdrc.io/show/bdr:P6036?,
Tersé Chimé Rinpoché,gter sras 'chi med rin po che,གཏེར་སྲས་འཆི་མེད་རིན་པོ་ཆེ།,,1900-2000,1900,,20th century student of Khenchen Ngawang Palzangpo,,,Aural,All lineages,Khenchen Ngawang Palzangpo (Khenpo Ngaga),,,,,,
Lama Rinpoché Orgyen Rigdzin,bla ma rin po che o rgyan rig 'dzin,བླ་མ་རིན་པོ་ཆེ་ཨོ་རྒྱན་རིག་འཛིན།,,1900-1960,1900,,Student of Khenchen Ngawang Palzangpo,,,Aural,All lineages,Khenchen Ngawang Palzangpo (Khenpo Ngaga),,,,,,
Lungtrul Shedrup Tenpai Nyima,rlung 'phrul bshad sgrub bstan pa'i nyi ma,རླུང་འཕྲུལ་བཤད་སྒྲུབ་བསྟན་པའི་ཉི་མ།,,1920-,1920,,Student of Khenchen Ngawang Palzangpo,,,Aural,All lineages,Khenchen Ngawang Palzangpo (Khenpo Ngaga); Khen Ngawang Palzang Yangsi Rinpoché,,,,,,
Choktrul Nyima Gyaltsen Rinpoché,mchog sprul nyi ma rgyal mtshan,མཆོག་སྤྲུལ་ཉི་མ་རྒྱལ་མཚན།,,1945-,1945,,Student of Lungtrul Shedrup Tenpai Nyima,,,Aural,All lineages,Lungtrul Shedrup Tenpai Nyima,,,,,,
Dragyab Lama Choden Rinpoché,brag rgyab chos ldan rin po che,བྲག་རྒྱབ་ཆོས་ལྡན་རིན་པོ་ཆེ།,,1920-2020,1920,,20th century student of Lungtrul Shedrup Tenpai Nyima,,,Aural,All lineages,Lungtrul Shedrup Tenpai Nyima,,,,,,
Jokhang Choktrul Rinpoché,jo khang mchog sprul rin po che,ཇོ་ཁང་མཆོག་སྤྲུལ་རིན་པོ་ཆེ།,,1920-2020,1920,,20th century student of Lungtrul Shedrup Tenpai Nyima,,,Aural,All lineages,Lungtrul Shedrup Tenpai Nyima,,,,,,
Nyoshul Khenpo Jamyang Dorjé,smyo shul mkhan po 'jam dbyangs rdo rje,སྨྱོ་ཤུལ་མཁན་པོ་འཇམ་དབྱངས་རྡོ་རྗེ།,,1932-1999,1932,Source: Rigpa Wiki,Student of Lungtrul Shedrup Tenpai Nyima,,,Aural,All lineages,Lungtrul Shedrup Tenpai Nyima,,,,Treasury of Lives,https://treasuryoflives.org/biographies/view/Nyoshul-Khenpo-Jamyang-Dorje/8177,
Choktrul Sang-ngak Tendzin (Tulku Sang-ngak),mchog sprul gsang sngag bstan 'dzin,མཆོག་སྤྲུལ་གསང་སྔག་བསྟན་འཛིན།,,1952-,1952,,Student of Choktrul Orgyen Chemchok,,,Aural,All lineages,Choktrul Orgyen Chemchok,,,,,,
Choktrul Garwang Nyima,mchog sprul gar dbang nyi ma,མཆོག་སྤྲུལ་གར་དབང་ཉི་མ།,,b. 20th century,1940,,20th century student of Golok Khenchen Munsel,,,Aural,All lineages,Golok Khenchen Munsel,,,,,,
Khen Lama Rinpoché Achuk,mkhan bla ma rin po che a khyug,མཁན་བླ་མ་རིན་པོ་ཆེ་ཨ་ཁྱུག།,,b. 20th century,1920,,20th century student of Tromgé Choktrul Arik Rinpoché,,,Aural,All lineages,Tromgé Choktrul Arik Rinpoché,,,,,,
Chagdud Tulku Padma Gargyi Wangchuk,lcags mdud sprul sku,ལྕགས་མདུད་སྤྲུལ་སྐུ།,,1930-2002,1930,Source: Rigpa Wiki,Student of Tromgé Choktrul Arik Rinpoché,,,Aural,All lineages,Tromgé Choktrul Arik Rinpoché,,,,Treasury of Lives,https://treasuryoflives.org/bo/biographies/view/Chagdud-Tulku/TBRC_P3JM56,
Dartang Choktrul Chökyi Dawa Rinpoché,dar thang mchog sprul chos kyi zla ba rin po che,དར་ཐང་མཆོག་སྤྲུལ་ཆོས་ཀྱི་ཟླ་བ་རིན་པོ་ཆེ།,,1894-1959,1894,Source: Rigpa Wiki,"Student of 2nd Palyul Drupwang Pema Norbu. He was the second Choktrul Rinpoche of Palyul Monastery, the root teacher of Penor Rinpoche. He received ordination from Kathok Situ Chökyi Gyatso. (Rigpa wiki)",,,Aural,All lineages,"2nd Palyul Drupwang Pema Norbu, Rigdzin Kunzang Shedrupa",,,,,,
"3rd Palyul Drupwang Pema Norbu, Jigmé Tupten Shedrup Chokyi Drayang (Kyabjé Penor Rinpoché)",pad nor rin po che,པད་ནོར་རིན་པོ་ཆེ།,,1932-,1932,,Student of 2nd Palyul Drupwang Pema Norbu. He was the 11th throne holder of the Palyul Lineage of the Nyingma school of Tibetan Buddhism. He was the supreme head of the Nyingmapa lineage from 1993 to 2001.,,,Aural,All lineages,"2nd Palyul Drupwang Pema Norbu, Rigdzin Kunzang Shedrupa",,,,,,
Khenchen Jigmé Puntsok,jigs med phun tshogs 'byung gnas,འཇིགས་མེད་ཕུན་ཚོགས་འབྱུང་གནས།,,1933-2004,1933,,Student of Changma Khenchen Tupten Chöpel,,,Aural,All lineages,Changma Khenchen Tupten Chöpel,,,,,,
Dergé Lama Kunga Palden,sde dge bla ma kun dga' dpal ldan,སྡེ་དགེ་བླ་མ་ཀུན་དགའ་དཔལ་ལྡན།,,1878-1944/50,1878,,19th-20th century student of Orgyen Tendzin Norbu. He was a teacher of Dilgo Khyentse Rinpoche and Khunu Lama Tenzin Gyaltsen.,,,Aural,All lineages,Orgyen Tendzin Norbu,,,,Treasury of Lives,https://treasuryoflives.org/biographies/view/Kunga-Pelden/9594,
Zhenga Dorjé Chang Zhenpen Chökyi Nangwa,mkhan chen gzhan phan chos kyi snang ba,མཁན་ཆེན་གཞན་ཕན་ཆོས་ཀྱི་སྣང་བ།,,1871-1927,1871,Source: Rangjung Yeshe Wiki,Student of Orgyen Tendzin Norbu,,,Aural,All lineages,Orgyen Tendzin Norbu; Bo Gangkar Rinpoché,Gemang Gyalse Rigpai Dorjé (Gyalse Zhenpen Tayé Özer),,,,,
Choktrul Lozang Tendzin,mchog sprul blo bzang bstan 'dzin,མཆོག་སྤྲུལ་བློ་བཟང་བསྟན་འཛིན།,,19th-20th centuries,1880,,19th-20th century student of Dergé Lama Kunga Palden,,,Aural,All lineages,Dergé Lama Kunga Palden,,,,,,
Apang Terchen Orgyen Trinlé Lingpa,a pang gter ston o rgyan phrin las gling pa,ཨ་པང་གཏེར་སྟོན་ཨོ་རྒྱན་ཕྲིན་ལས་གླིང་པ།,,1895-1945,1895,"Source: Rigpa Wiki, courtesy of www.aming.cc","Treasure revealer whose body could pass through solid objects and who discovered many terma teachings, and one of Dudjom Lingpa's miraculously conceived sons. (Rigpa Wiki)",student of Choktrul Lozang Tendzin,,Aural,All lineages,Choktrul Lozang Tendzin,,,,BDRC,https://library.bdrc.io/show/bdr:P6489?,
Jangchub Dorjé,byang chub rdo rje,བྱང་ཆུབ་རྡོ་རྗེ།,,20th century,1920,,"20th century student of Apang Terchen. Born in Golok, Tibet, he also studied with Dzongter Kunzang Nyima, Jamyang Khyentse Chökyi Lodrö and Dudjom Rinpoche. He was responsible for transmitting Apang Tertön's lineage to the tertön's tulku, His Holiness Sakya Trizin. Changchub Dorje also gave Apang Tertön's Red Tara cycle to Chagdud Tulku Rinpoche. (Rigpa Wiki)",,,Aural,All lineages,Apang Terchen Orgyen Trinlé Lingpa,,,,,,
Palpung Tai Situ Rinpoché Pema Wangchok Gyalpo,pad ma dbang mchog rgyal po,པདྨ་དབང་མཆོག་རྒྱལ་པོ།,,1886-1952,1886,Source: Rigpa Wiki,"Student of Zhenga Dorjé Chang. He was recognized at the age of four as the reincarnation of the previous Tai Situ by the Fifteenth Karmapa, Khakhyap Dorje, Palpung Situ Pema Wangchok Gyalpo was then enthroned at Palpung Monastery. He received ordination and teachings from Khakhyap Dorje, as well as teachings and empowerments from Jamgön Kongtrul Lodrö Thayé. Situ Rinpoche later recognized the Sixteenth Gyalwa Karmapa, Rangjung Rigpé Dorje, and performed his enthronement and ordination. He transmitted the complete teachings to him and bestowed all the initiations, explanations and empowerments. Palpung Situ Pema Wangchok Gyalpo was also one of the main teachers of the Second Jamgön Kongtrul Rinpoche, Karsé Kongtrul. At about the age of fifty he visited the great Surmang Monastery, and performed many miracles. He passed the rest of his life partly in meditation and partly giving teachings to his many disciples. At the age of 67 he passed away amidst many auspicious signs. (Rigpa Wiki)",,,Aural,All lineages,Zhenga Dorjé Chang Zhenpen Chökyi Nangwa,,,,BDRC,https://library.bdrc.io/show/bdr:P925?,
Bo Gangkar Rinpoché (Karma Shedrup Chökyi Seng-gé),karma bshad sgrub chos kyi seng+ge,ཀརྨ་བཤད་སྒྲུབ་ཆོས་ཀྱི་སེངྒེ།,,1892-1957,1892,,Student of Zhenga Dorjé Chang,,,Aural,All lineages,Zhenga Dorjé Chang Zhenpen Chökyi Nangwa,,,,Treasury of Lives,https://treasuryoflives.org/biographies/view/Karma-Shedrub-Chokyi-Sengge/2730,
Nyarong Guru Tulku,nyag rong gu ru sprul sku,ཉག་རོང་གུ་རུ་སྤྲུལ་སྐུ།,,20th century,1900,,20th century student of Zhenga Dorjé Chang,,,Aural,All lineages,Zhenga Dorjé Chang Zhenpen Chökyi Nangwa,,,,,,
Drukpa Geshé Tenpa Rinchen,brug pa dge bshes bstan pa rin chen,འབྲུག་པ་དགེ་བཤེས་བསྟན་པ་རིན་ཆེན།,,20th century,1900,,20th century student of Zhenga Dorjé Chang,,,Aural,All lineages,Zhenga Dorjé Chang Zhenpen Chökyi Nangwa,,,,,,
Zurmang Khenchen Pema Namgyal,zur mang pad+ma rnam rgyal,ཟུར་མང་པདྨ་རྣམ་རྒྱལ།,,20th century,1900,,20th century student of Zhenga Dorjé Chang and Palpung Tai Situ,,,Aural,All lineages,Zhenga Dorjé Chang Zhenpen Chökyi Nangwa; Palpung Tai Situ Rinpoché Pema Wangchok Gyalpo,,,,BDRC,https://library.bdrc.io/show/bdr:P5784?,
Zurmang Tenga Rinpoché,bstan dga' rin po che,བསྟན་དགའ་རིན་པོ་ཆེ།,,1932-2012,1932,,20th century student of Zurmang Khenchen Pema Namgyal,,,Aural,All lineages,Zurmang Khenchen Pema Namgyal,,,,,,
Khenchen Gönpo,mkhan po yon tan mgon po,མཁན་པོ་ཡོན་ཏན་མགོན་པོ།,,1899-1959,1899,Source: Rigpa Wiki,Student of Zhenga Dorjé Chang,,,Aural,All lineages,Zhenga Dorjé Chang Zhenpen Chökyi Nangwa,,,,Treasury of Lives,https://treasuryoflives.org/biographies/view/Yonten-Gonpo/9203,
Khenpo Tsöndrü,mkhan po thub bstan brtson 'grus phun tshogs,མཁན་པོ་ཐུབ་བསྟན་བརྩོན་འགྲུས་ཕུན་ཚོགས།,,1920-1979,1950,Source: Rigpa Wiki,Student of Khenchen Gönpo,,,Aural,All lineages,Khenchen Gönpo,,,,Treasury of Lives,https://treasuryoflives.org/biographies/view/Tubten-Tsondru/10146,
Tuksé Serkha Chodrak,thugs sras ser khang chos grags,ཐུགས་སྲས་སེར་ཁང་ཆོས་གྲགས།,,19th-20th centuries,1875,,19th-20th century student of Zhenga Dorjé Chang,,,Aural,All lineages,Zhenga Dorjé Chang Zhenpen Chökyi Nangwa,,,,,,
Rahor Palden Chökyi Drakpa,ra hor dpal ldan chos kyi grags pa,ར་ཧོར་དཔལ་ལྡན་ཆོས་ཀྱི་གྲགས་པ།,,?-1901,1875,,Student of Zhenga Dorjé Chang,,,Aural,All lineages,Zhenga Dorjé Chang Zhenpen Chökyi Nangwa,,,,,,
Khunu Rinpoché Tendzin Gyaltsen,khu nu bla ma bstan 'dzin rgyal mtshan,ཁུ་ནུ་བླ་མ་བསྟན་འཛིན་རྒྱལ་མཚན།,,1895-1977,1900,Source: Rigpa Wiki,"Student of Zhenga Dorjé Chang. He was also a teacher of His Holiness the Dalai Lama, especially for the Bodhicharyavatara, for which he held Patrul Rinpoche’s lineage, having received it from one of the great khenpos at Dzogchen monastery. (Rigpa wiki)",,,Aural,All lineages,Zhenga Dorjé Chang Zhenpen Chökyi Nangwa,,,,BDRC,https://library.bdrc.io/show/bdr:P740?,
Tuksé Doring Choktrul Rinpoché,rdo ring sprul sku 'jam dbyangs kun bzang lung rig chos kyi nyi ma,རྡོ་རིང་སྤྲུལ་སྐུ་འཇམ་དབྱངས་ཀུན་བཟང་ལུང་རིག་ཆོས་ཀྱི་ཉི་མ།,,20th century,1900,,"20th century student of Zhenga Dorjé Chang. He was recognized as a direct incarnation of Do Khyentse Yeshe Dorje. In 1933, he went to Bhutan and founded Nyimalung Monastery there. While back in Tibet in 1940, he roamed widely throughout Tibet, went to Lama Ling and became a direct student of Dudjom Rinpoche. (Rigpa Wiki)",,,Aural,All lineages,Zhenga Dorjé Chang Zhenpen Chökyi Nangwa,,,,BDRC,https://library.bdrc.io/show/bdr:P2JM501?,
1st Dzigar Kongtrul Rinpoché,dzi sgar kong sprul blo gros,འཛི་སྒར་ཀོང་སྤྲུལ་བློ་གྲོས།,,1901?-1958?,1901,,"Student of Palpung Tai Situ. He was one of the five immediate reincarnations of Jamgön Kongtrul. Dzigar Kongtrul Lodrö Rabpel was recognized by the Fifteenth Karmapa, Khakhyap Dorje and subsequently enthroned and brought up at Palpung Monastery. There, he studied the sutras with the great Khenpo Shenga, and did a three-year retreat above Palpung, at the historic Tsadra Rinchen Drak retreat centre founded by his predecessor. At some point he left Palpung Monastery and went to Neten Monastery, which was headed at that time by the Third Neten Chokling Pema Gyurme. There, he received the Treasury of Precious Termas from, and studied with Kyungtrul Kargyam, one of the foremost disciples of Jamgön Kongtrul Lodrö Tayé. He eventually established his own monastery near Neten Monastery in a place where there was a beautiful lake and so his monastery became known as Tsokar Monastery. (Rigpa Wiki)",,,Aural,All lineages,Palpung Tai Situ Rinpoché Pema Wangchok Gyalpo,Jamgön Kongtrul Yönten Gyatso Lodrö Tayé,,,BDRC,https://library.bdrc.io/show/bdr:P1PD108567?,